strain_id,species,accession,country,kl_best_match,k_type_best_match,ol_antigen_best_match,o_type_best_match,st_type_kleborate,used_in_enrichment,isolation_host,production_host,virulence_present,virulence_absent,stress_present,stress_absent,defense_present,defense_absent,abricate_present,abricate_absent,mic_resistant,mic_intermediate,mic_sensitive,phages_tsb_media_lysis,phages_tsb_media_no_lysis,phages_tsb_media_undetermined_lysis,phages_lb_media_lysis,phages_lb_media_no_lysis,phages_lb_media_undetermined_lysis,collection_date,collection_year,source_of_isolate,strain_id_canonical
KLEB11,Klebsiella oxytoca,JBKFVS000000000,United Kingdom,KL68,K68,O5,O5,NA,No,No,No,ybtP;ybtQ;ybtX;ybtS;ybtA;ybtE;ybtT;ybtU;yagZ;ompA;fyuA;irp1;irp2;entB,astA;iroB;iroC;iroD;iroN;iucA;iucB;iucC;iutA;mchF;peg-344;rmpA;rmpA2;rmpC;rmpD;yagV;yagW;yagX;yagY;ykgK;entA;entE;espX5;fepC;fepD;fepG;fliG;fliM;fliN;flgH,arsB;arsC;fieF,arsA;arsD;arsR;clpK;crcB;hdeD-GI;hsp20;kefB-GI;merA;merC;merD;merE;merF;merP;merR;merT;ncrA;ncrB;ncrC;ncrY;pcoA;pcoB;pcoC;pcoD;pcoE;pcoR;pcoS;psi-GI;qacE;qacEdelta1;qacL;shsP;silA;silB;silC;silE;silF;silP;silR;silS;smr;terB;terC;terD;terE;trxLHR;yfdX1;yfdX2,Dnd_ABCDE;Dnd_FGH;PDC-S04;PDC-S05;PDC-S07;PDC-S12;PDC-S21;PDC-M06,AbiC;AbiD;AbiE;AbiH;AbiL;AbiU;AVAST_II;AVAST_V;Borvo;BREX_I;BstA;Bunzi;CapRel;cas_type-I-E;CBASS_I;CBASS_II;DarTG;DISARM_1;Dpd;DRT_1;DRT_2;DRT_3;DRT_4;Druantia_II;Druantia_III;dXTPase;Gabija;GAO_19;Gao_Ape;Hhe;Hachiman_type_I;HEC-01;HEC-04;HEC-05;HEC-06;HEC-08;HEC-09;ietAS;Juk;Kiwa;Lamassu_family;Lit;mads;Menshen;Mok_Hok_Sok;Mokosh_TypeI;Mokosh_TypeII;NLR_like;Olokun;Paris;PD-Lambda-1;PD-T4-3;PD-T4-4;PD-T4-5;PD-T4-6;PD-T7-1;PD-T7-2;PD-T7-4;PD-T7-1or5;PDC-S02;PDC-S06;PDC-S08;PDC-S09;PDC-S11;PDC-S13;PDC-S15;PDC-S20;PDC-S25;PDC-S26;PDC-S29;PDC-S31;PDC-S33;PDC-S36;PDC-S39;PDC-S45;PDC-S47;PDC-S60;PDC-S66;PDC-S67;PDC_M01;PDC-M03;PDC-M04;PDC-M09;PDC-M18;PDC-M26;PDC-M29;PDC-M38;PDC-M40;PDC-M54;PDC-M62;PDC-M63;PDC-M66;PfiAT;PifA;ppl;PrrC;Pycsar_effector;Radar;Retron_I_A;Retron_I-B;Retron_I_C;Retron_II-A;Retron_III;Retron_III-A;RIoC;RM_Type_I;RM_Type_II;RM_Type_IIG;RM_Type_III;RM_Type_IV;RosmerTA;Rst_3HP;Rst_TIR-NLR;SanaTA;SEFIR;Septu_type_I;Shango;Shedu;ShosTA;SoFic;tmn;Uzume;VSPR;Wadjet_I;Zorya_TypeI,Beta-lactam;Phenicol;Fosfomycin;Quinolone,Amikacin;Gentamicin;Tobramycin;Aminoglycoside;Hygromycin;Kanamycin;Streptomycin;Chloramphenicol;Florfenicol;Rifamycin;Trimethoprim;Carbapenem;Cephalosporin;Bleomycin;Macrolide;Streptothricin;Sulfonamide;Tetracycline,Amoxicillin;Piperacillin;Ampicillin,,Amikacin;Gentamicin;Tobramycin;Piperacillin/Tazobactam;Ceftazidime;Meropenem;Imipenem;Ciprofloxacin;Levofloxacin;Colistin,Roth88;Roth27;Roth22;Roth90;Roth26;Roth41;Roth23;Roth20;Roth78;Roth77;Roth16;Roth17;Roth21;Roth51;Roth80;Roth66;Roth68;Roth34;Roth79;Roth01,Roth37;Roth39;Roth49;Roth50;Roth08;Roth74;Roth75;Roth42;Roth87;Roth24;Roth30;Roth44;Roth71;Roth84;Roth10;Roth83;Roth09;Roth93;Roth85;Roth61;Roth47;Roth96;Roth72;RothD;Roth32;RothG;RothJ;RothI;Roth19;Roth76,Roth04;Roth67,Roth88;Roth27;Roth22;Roth90;Roth26;Roth41;Roth23;Roth20;Roth16;Roth17;Roth79;Roth01,Roth37;Roth39;Roth49;Roth50;Roth08;Roth74;Roth75;Roth42;Roth87;Roth24;Roth30;Roth44;Roth71;Roth84;Roth10;Roth83;Roth09;Roth93;Roth85;Roth61;Roth47;Roth96;Roth72;RothD;Roth32;RothG;RothJ;RothI;Roth19,Roth04;Roth78;Roth67;Roth77;Roth21;Roth51;Roth80;Roth66;Roth68;Roth76;Roth34,,,,KLEB11
164413U/2,Klebsiella oxytoca,JBJHZP000000000,United Kingdom,KL68,K68,O3/O3a,O3/O3a,ST37,No,No,Yes,ybtP;ybtQ;ybtX;ybtS;ybtA;ybtE;ybtT;ybtU;yagZ;ompA;fyuA;irp1;irp2;entA;entB;fepC,astA;iroB;iroC;iroD;iroN;iucA;iucB;iucC;iutA;mchF;peg-344;rmpA;rmpA2;rmpC;rmpD;yagV;yagW;yagX;yagY;ykgK;entE;espX5;fepD;fepG;fliG;fliM;fliN;flgH,arsB;arsC;fieF;pcoA;pcoC;pcoD;pcoR;pcoS;silA;silB;silC;silE;silP;silR,arsA;arsD;arsR;clpK;crcB;hdeD-GI;hsp20;kefB-GI;merA;merC;merD;merE;merF;merP;merR;merT;ncrA;ncrB;ncrC;ncrY;pcoB;pcoE;psi-GI;qacE;qacEdelta1;qacL;shsP;silF;silS;smr;terB;terC;terD;terE;trxLHR;yfdX1;yfdX2,Mokosh_TypeII;Paris;PDC-S02;PDC-S04;PDC-S05;PDC-S07;PDC-S12;PDC-S21;PDC-M06;Radar;Retron_III;Retron_III-A;RM_Type_IIG;RM_Type_IV;Rst_3HP;VSPR,AbiC;AbiD;AbiE;AbiH;AbiL;AbiU;AVAST_II;AVAST_V;Borvo;BREX_I;BstA;Bunzi;CapRel;cas_type-I-E;CBASS_I;CBASS_II;DarTG;DISARM_1;Dnd_ABCDE;Dnd_FGH;Dpd;DRT_1;DRT_2;DRT_3;DRT_4;Druantia_II;Druantia_III;dXTPase;Gabija;GAO_19;Gao_Ape;Hhe;Hachiman_type_I;HEC-01;HEC-04;HEC-05;HEC-06;HEC-08;HEC-09;ietAS;Juk;Kiwa;Lamassu_family;Lit;mads;Menshen;Mok_Hok_Sok;Mokosh_TypeI;NLR_like;Olokun;PD-Lambda-1;PD-T4-3;PD-T4-4;PD-T4-5;PD-T4-6;PD-T7-1;PD-T7-2;PD-T7-4;PD-T7-1or5;PDC-S06;PDC-S08;PDC-S09;PDC-S11;PDC-S13;PDC-S15;PDC-S20;PDC-S25;PDC-S26;PDC-S29;PDC-S31;PDC-S33;PDC-S36;PDC-S39;PDC-S45;PDC-S47;PDC-S60;PDC-S66;PDC-S67;PDC_M01;PDC-M03;PDC-M04;PDC-M09;PDC-M18;PDC-M26;PDC-M29;PDC-M38;PDC-M40;PDC-M54;PDC-M62;PDC-M63;PDC-M66;PfiAT;PifA;ppl;PrrC;Pycsar_effector;Retron_I_A;Retron_I-B;Retron_I_C;Retron_II-A;RIoC;RM_Type_I;RM_Type_II;RM_Type_III;RosmerTA;Rst_TIR-NLR;SanaTA;SEFIR;Septu_type_I;Shango;Shedu;ShosTA;SoFic;tmn;Uzume;Wadjet_I;Zorya_TypeI,Beta-lactam;Phenicol;Fosfomycin;Quinolone,Amikacin;Gentamicin;Tobramycin;Aminoglycoside;Hygromycin;Kanamycin;Streptomycin;Chloramphenicol;Florfenicol;Rifamycin;Trimethoprim;Carbapenem;Cephalosporin;Bleomycin;Macrolide;Streptothricin;Sulfonamide;Tetracycline,Amoxicillin;Piperacillin;Ampicillin,,Amikacin;Gentamicin;Tobramycin;Piperacillin/Tazobactam;Ceftazidime;Meropenem;Imipenem;Ciprofloxacin;Levofloxacin;Colistin,Roth83;Roth88;Roth27;Roth22;Roth90;Roth26;Roth41;Roth23;Roth20;Roth04;Roth78;Roth67;Roth77;Roth16;Roth17;Roth21;Roth51;Roth80;Roth66;Roth68;Roth76;Roth34;Roth79;Roth01,Roth37;Roth39;Roth49;Roth50;Roth08;Roth74;Roth75;Roth42;Roth87;Roth24;Roth30;Roth44;Roth71;Roth84;Roth10;Roth09;Roth85;Roth61;Roth47;Roth72;RothD;Roth32;RothG;RothJ;RothI;Roth19,Roth93;Roth96,Roth88;Roth27;Roth22;Roth90;Roth26;Roth41;Roth23;Roth16;Roth17;Roth21;Roth51;Roth80;Roth66;Roth68;Roth76;Roth34;Roth79;Roth01,Roth37;Roth39;Roth49;Roth50;Roth08;Roth74;Roth75;Roth42;Roth87;Roth24;Roth30;Roth44;Roth71;Roth84;Roth10;Roth83;Roth09;Roth93;Roth61;Roth47;Roth96;Roth72;RothD;Roth32;RothG;RothJ;RothI;Roth19;Roth20;Roth04;Roth78;Roth77,Roth85;Roth67,,,,164413U/2
163575R,Klebsiella aerogenes,JBJHZV000000000,United Kingdom,KL68,K68,O5,O5,NA,No,No,No,iroB;iroN;yagW;yagZ;ompA;entA;entB;fepC;fliG;fliM;fliN;flgH,astA;iroC;iroD;iucA;iucB;iucC;iutA;mchF;peg-344;rmpA;rmpA2;rmpC;rmpD;ybtP;ybtQ;ybtX;ybtS;ybtA;ybtE;ybtT;ybtU;yagV;yagX;yagY;ykgK;fyuA;irp1;irp2;entE;espX5;fepD;fepG,,arsA;arsB;arsC;arsD;arsR;clpK;crcB;fieF;hdeD-GI;hsp20;kefB-GI;merA;merC;merD;merE;merF;merP;merR;merT;ncrA;ncrB;ncrC;ncrY;pcoA;pcoB;pcoC;pcoD;pcoE;pcoR;pcoS;psi-GI;qacE;qacEdelta1;qacL;shsP;silA;silB;silC;silE;silF;silP;silR;silS;smr;terB;terC;terD;terE;trxLHR;yfdX1;yfdX2,CapRel;Druantia_III;HEC-04;HEC-05;Mokosh_TypeI;PD-T4-6;PDC-S04;PDC-S05;PDC-S07;PDC-S12;PDC-S33;PDC-M06;PfiAT;RM_Type_I;tmn;VSPR,AbiC;AbiD;AbiE;AbiH;AbiL;AbiU;AVAST_II;AVAST_V;Borvo;BREX_I;BstA;Bunzi;cas_type-I-E;CBASS_I;CBASS_II;DarTG;DISARM_1;Dnd_ABCDE;Dnd_FGH;Dpd;DRT_1;DRT_2;DRT_3;DRT_4;Druantia_II;dXTPase;Gabija;GAO_19;Gao_Ape;Hhe;Hachiman_type_I;HEC-01;HEC-06;HEC-08;HEC-09;ietAS;Juk;Kiwa;Lamassu_family;Lit;mads;Menshen;Mok_Hok_Sok;Mokosh_TypeII;NLR_like;Olokun;Paris;PD-Lambda-1;PD-T4-3;PD-T4-4;PD-T4-5;PD-T7-1;PD-T7-2;PD-T7-4;PD-T7-1or5;PDC-S02;PDC-S06;PDC-S08;PDC-S09;PDC-S11;PDC-S13;PDC-S15;PDC-S20;PDC-S21;PDC-S25;PDC-S26;PDC-S29;PDC-S31;PDC-S36;PDC-S39;PDC-S45;PDC-S47;PDC-S60;PDC-S66;PDC-S67;PDC_M01;PDC-M03;PDC-M04;PDC-M09;PDC-M18;PDC-M26;PDC-M29;PDC-M38;PDC-M40;PDC-M54;PDC-M62;PDC-M63;PDC-M66;PifA;ppl;PrrC;Pycsar_effector;Radar;Retron_I_A;Retron_I-B;Retron_I_C;Retron_II-A;Retron_III;Retron_III-A;RIoC;RM_Type_II;RM_Type_IIG;RM_Type_III;RM_Type_IV;RosmerTA;Rst_3HP;Rst_TIR-NLR;SanaTA;SEFIR;Septu_type_I;Shango;Shedu;ShosTA;SoFic;Uzume;Wadjet_I;Zorya_TypeI,Beta-lactam;Phenicol;Fosfomycin;Quinolone,Amikacin;Gentamicin;Tobramycin;Aminoglycoside;Hygromycin;Kanamycin;Streptomycin;Chloramphenicol;Florfenicol;Rifamycin;Trimethoprim;Carbapenem;Cephalosporin;Bleomycin;Macrolide;Streptothricin;Sulfonamide;Tetracycline,Amoxicillin;Piperacillin;Piperacillin/Tazobactam;Ceftazidime;Ampicillin,,Amikacin;Gentamicin;Tobramycin;Meropenem;Imipenem;Ciprofloxacin;Levofloxacin;Colistin,,Roth37;Roth39;Roth49;Roth50;Roth08;Roth74;Roth75;Roth42;Roth87;Roth24;Roth30;Roth44;Roth71;Roth84;Roth10;Roth83;Roth09;Roth93;Roth85;Roth61;Roth47;Roth96;Roth72;RothD;Roth32;RothG;RothJ;RothI;Roth19;Roth20;Roth04;Roth78;Roth67;Roth77;Roth17;Roth21;Roth51;Roth80;Roth34,Roth88;Roth27;Roth22;Roth90;Roth26;Roth41;Roth23;Roth16;Roth66;Roth68;Roth76;Roth79;Roth01,,Roth37;Roth39;Roth49;Roth50;Roth08;Roth74;Roth75;Roth42;Roth87;Roth24;Roth30;Roth44;Roth71;Roth84;Roth10;Roth83;Roth09;Roth93;Roth85;Roth61;Roth47;Roth96;Roth72;RothD;Roth32;RothG;RothJ;RothI;Roth90;Roth19;Roth20;Roth04;Roth78;Roth67;Roth77;Roth16;Roth17;Roth21;Roth51;Roth80;Roth66;Roth68;Roth76;Roth34;Roth79;Roth01,Roth88;Roth27;Roth22;Roth26;Roth41;Roth23,,,,163575R
NCTC_13368,klebsiella quasipneumoniae,NA,United States,KL53,K53,O3/O3a,O3/O3a,ST489,Yes,Yes,No,yagV;yagW;yagX;yagY;yagZ;ykgK;ompA;entA;entB;fepC,astA;iroB;iroC;iroD;iroN;iucA;iucB;iucC;iutA;mchF;peg-344;rmpA;rmpA2;rmpC;rmpD;ybtP;ybtQ;ybtX;ybtS;ybtA;ybtE;ybtT;ybtU;fyuA;irp1;irp2;entE;espX5;fepD;fepG;fliG;fliM;fliN;flgH,arsA;arsB;arsC;arsD;arsR;fieF;merA;merD;merE;merP;merT;pcoA;pcoB;pcoC;pcoD;pcoR;pcoS;qacEdelta1;silA;silB;silC;silE;silF;silP;silR;silS,clpK;crcB;hdeD-GI;hsp20;kefB-GI;merC;merF;merR;ncrA;ncrB;ncrC;ncrY;pcoE;psi-GI;qacE;qacL;shsP;smr;terB;terC;terD;terE;trxLHR;yfdX1;yfdX2,CBASS_I;Gabija;PD-Lambda-1;PDC-S04;PDC-S07;PDC-S09;PDC-S12;RM_Type_IV;VSPR,AbiC;AbiD;AbiE;AbiH;AbiL;AbiU;AVAST_II;AVAST_V;Borvo;BREX_I;BstA;Bunzi;CapRel;cas_type-I-E;CBASS_II;DarTG;DISARM_1;Dnd_ABCDE;Dnd_FGH;Dpd;DRT_1;DRT_2;DRT_3;DRT_4;Druantia_II;Druantia_III;dXTPase;GAO_19;Gao_Ape;Hhe;Hachiman_type_I;HEC-01;HEC-04;HEC-05;HEC-06;HEC-08;HEC-09;ietAS;Juk;Kiwa;Lamassu_family;Lit;mads;Menshen;Mok_Hok_Sok;Mokosh_TypeI;Mokosh_TypeII;NLR_like;Olokun;Paris;PD-T4-3;PD-T4-4;PD-T4-5;PD-T4-6;PD-T7-1;PD-T7-2;PD-T7-4;PD-T7-1or5;PDC-S02;PDC-S05;PDC-S06;PDC-S08;PDC-S11;PDC-S13;PDC-S15;PDC-S20;PDC-S21;PDC-S25;PDC-S26;PDC-S29;PDC-S31;PDC-S33;PDC-S36;PDC-S39;PDC-S45;PDC-S47;PDC-S60;PDC-S66;PDC-S67;PDC_M01;PDC-M03;PDC-M04;PDC-M06;PDC-M09;PDC-M18;PDC-M26;PDC-M29;PDC-M38;PDC-M40;PDC-M54;PDC-M62;PDC-M63;PDC-M66;PfiAT;PifA;ppl;PrrC;Pycsar_effector;Radar;Retron_I_A;Retron_I-B;Retron_I_C;Retron_II-A;Retron_III;Retron_III-A;RIoC;RM_Type_I;RM_Type_II;RM_Type_IIG;RM_Type_III;RosmerTA;Rst_3HP;Rst_TIR-NLR;SanaTA;SEFIR;Septu_type_I;Shango;Shedu;ShosTA;SoFic;tmn;Uzume;Wadjet_I;Zorya_TypeI,Amikacin;Gentamicin;Tobramycin;Kanamycin;Streptomycin;Beta-lactam;Cephalosporin;Phenicol;Fosfomycin;Quinolone;Sulfonamide,Aminoglycoside;Hygromycin;Chloramphenicol;Florfenicol;Rifamycin;Trimethoprim;Carbapenem;Bleomycin;Macrolide;Streptothricin;Tetracycline,Gentamicin;Tobramycin;Amoxicillin;Piperacillin;Ceftazidime;Ampicillin,,Amikacin;Piperacillin/Tazobactam;Meropenem;Imipenem;Ciprofloxacin;Levofloxacin;Colistin,Roth19;Roth20;Roth16;Roth17;Roth21;Roth51;Roth80;Roth66;Roth68;Roth76;Roth34;Roth79;Roth01,Roth37;Roth39;Roth49;Roth50;Roth08;Roth74;Roth75;Roth42;Roth87;Roth24;Roth30;Roth44;Roth71;Roth84;Roth10;Roth83;Roth09;Roth93;Roth85;Roth61;Roth47;Roth96;Roth72;RothD;Roth32;RothG;RothJ;RothI;Roth88;Roth04;Roth78;Roth67;Roth77,Roth27;Roth22;Roth90;Roth26;Roth41;Roth23,Roth19;Roth16;Roth17;Roth21;Roth51;Roth80;Roth66;Roth68;Roth76;Roth34;Roth79;Roth01,Roth37;Roth39;Roth49;Roth50;Roth08;Roth74;Roth75;Roth42;Roth87;Roth24;Roth30;Roth44;Roth71;Roth84;Roth10;Roth83;Roth09;Roth93;Roth85;Roth61;Roth47;Roth96;Roth72;RothD;Roth32;RothG;RothJ;RothI;Roth20;Roth04;Roth78;Roth67;Roth77,Roth88;Roth27;Roth22;Roth90;Roth26;Roth41;Roth23,1994,1994.0,Urine,NCTC13368
L0240,Klebsiella quasipneumoniae,JBKFVQ000000000,The Netherlands,KL21,K21,O3/O3a,O3/O3a,ST635,No,No,Yes,yagV;yagW;yagX;yagY;yagZ;ykgK;ompA;entB;fepC,astA;iroB;iroC;iroD;iroN;iucA;iucB;iucC;iutA;mchF;peg-344;rmpA;rmpA2;rmpC;rmpD;ybtP;ybtQ;ybtX;ybtS;ybtA;ybtE;ybtT;ybtU;fyuA;irp1;irp2;entA;entE;espX5;fepD;fepG;fliG;fliM;fliN;flgH,fieF,arsA;arsB;arsC;arsD;arsR;clpK;crcB;hdeD-GI;hsp20;kefB-GI;merA;merC;merD;merE;merF;merP;merR;merT;ncrA;ncrB;ncrC;ncrY;pcoA;pcoB;pcoC;pcoD;pcoE;pcoR;pcoS;psi-GI;qacE;qacEdelta1;qacL;shsP;silA;silB;silC;silE;silF;silP;silR;silS;smr;terB;terC;terD;terE;trxLHR;yfdX1;yfdX2,Gabija;PDC-S04;PDC-S07;PDC-S12;PDC-S47;RM_Type_I;RM_Type_IV;VSPR,AbiC;AbiD;AbiE;AbiH;AbiL;AbiU;AVAST_II;AVAST_V;Borvo;BREX_I;BstA;Bunzi;CapRel;cas_type-I-E;CBASS_I;CBASS_II;DarTG;DISARM_1;Dnd_ABCDE;Dnd_FGH;Dpd;DRT_1;DRT_2;DRT_3;DRT_4;Druantia_II;Druantia_III;dXTPase;GAO_19;Gao_Ape;Hhe;Hachiman_type_I;HEC-01;HEC-04;HEC-05;HEC-06;HEC-08;HEC-09;ietAS;Juk;Kiwa;Lamassu_family;Lit;mads;Menshen;Mok_Hok_Sok;Mokosh_TypeI;Mokosh_TypeII;NLR_like;Olokun;Paris;PD-Lambda-1;PD-T4-3;PD-T4-4;PD-T4-5;PD-T4-6;PD-T7-1;PD-T7-2;PD-T7-4;PD-T7-1or5;PDC-S02;PDC-S05;PDC-S06;PDC-S08;PDC-S09;PDC-S11;PDC-S13;PDC-S15;PDC-S20;PDC-S21;PDC-S25;PDC-S26;PDC-S29;PDC-S31;PDC-S33;PDC-S36;PDC-S39;PDC-S45;PDC-S60;PDC-S66;PDC-S67;PDC_M01;PDC-M03;PDC-M04;PDC-M06;PDC-M09;PDC-M18;PDC-M26;PDC-M29;PDC-M38;PDC-M40;PDC-M54;PDC-M62;PDC-M63;PDC-M66;PfiAT;PifA;ppl;PrrC;Pycsar_effector;Radar;Retron_I_A;Retron_I-B;Retron_I_C;Retron_II-A;Retron_III;Retron_III-A;RIoC;RM_Type_II;RM_Type_IIG;RM_Type_III;RosmerTA;Rst_3HP;Rst_TIR-NLR;SanaTA;SEFIR;Septu_type_I;Shango;Shedu;ShosTA;SoFic;tmn;Uzume;Wadjet_I;Zorya_TypeI,Beta-lactam;Phenicol;Fosfomycin;Quinolone,Amikacin;Gentamicin;Tobramycin;Aminoglycoside;Hygromycin;Kanamycin;Streptomycin;Chloramphenicol;Florfenicol;Rifamycin;Trimethoprim;Carbapenem;Cephalosporin;Bleomycin;Macrolide;Streptothricin;Sulfonamide;Tetracycline,Amoxicillin;Ampicillin,,Amikacin;Gentamicin;Tobramycin;Piperacillin;Piperacillin/Tazobactam;Ceftazidime;Meropenem;Imipenem;Ciprofloxacin;Levofloxacin;Colistin,RothD;RothG,Roth37;Roth39;Roth49;Roth50;Roth08;Roth74;Roth75;Roth42;Roth87;Roth24;Roth30;Roth44;Roth71;Roth84;Roth10;Roth83;Roth09;Roth93;Roth85;Roth61;Roth47;Roth96;Roth72;Roth32;RothI;Roth22;Roth90;Roth19;Roth20;Roth04;Roth78;Roth67;Roth77;Roth17;Roth21;Roth51,RothJ;Roth88;Roth27;Roth26;Roth41;Roth23;Roth16;Roth80;Roth66;Roth68;Roth76;Roth34;Roth79;Roth01,RothD;RothG;RothI,Roth37;Roth39;Roth49;Roth50;Roth08;Roth74;Roth75;Roth42;Roth87;Roth24;Roth30;Roth44;Roth71;Roth84;Roth10;Roth83;Roth09;Roth93;Roth85;Roth61;Roth47;Roth96;Roth72;Roth32;Roth88;Roth90;Roth19;Roth20;Roth04;Roth78;Roth67;Roth77;Roth16;Roth17;Roth21;Roth51;Roth80;Roth66;Roth68;Roth76;Roth34;Roth79;Roth01,RothJ;Roth27;Roth22;Roth26;Roth41;Roth23,2018-01-11,2018.0,Blood culture,L0240
KLEB12,Klebsiella quasipneumoniae,JBKFVR000000000,United Kingdom,KL5,K5,O3/O3a,O3/O3a,ST2559,No,No,No,yagV;yagW;yagX;yagY;yagZ;ykgK;ompA;entB;fepC,astA;iroB;iroC;iroD;iroN;iucA;iucB;iucC;iutA;mchF;peg-344;rmpA;rmpA2;rmpC;rmpD;ybtP;ybtQ;ybtX;ybtS;ybtA;ybtE;ybtT;ybtU;fyuA;irp1;irp2;entA;entE;espX5;fepD;fepG;fliG;fliM;fliN;flgH,arsA;arsB;arsC;arsD;arsR;clpK;fieF;hsp20;pcoA;pcoB;pcoC;pcoD;pcoE;pcoR;pcoS;silA;silB;silC;silE;silF;silP;silR;silS,crcB;hdeD-GI;kefB-GI;merA;merC;merD;merE;merF;merP;merR;merT;ncrA;ncrB;ncrC;ncrY;psi-GI;qacE;qacEdelta1;qacL;shsP;smr;terB;terC;terD;terE;trxLHR;yfdX1;yfdX2,Dnd_ABCDE;Dnd_FGH;DRT_3;HEC-05;ietAS;Lamassu_family;Mokosh_TypeII;PDC-S04;PDC-S07;PDC-S12;PDC-S60;PDC-M26;PrrC;RM_Type_I;RM_Type_II;RM_Type_IV;SEFIR;SoFic;VSPR,AbiC;AbiD;AbiE;AbiH;AbiL;AbiU;AVAST_II;AVAST_V;Borvo;BREX_I;BstA;Bunzi;CapRel;cas_type-I-E;CBASS_I;CBASS_II;DarTG;DISARM_1;Dpd;DRT_1;DRT_2;DRT_4;Druantia_II;Druantia_III;dXTPase;Gabija;GAO_19;Gao_Ape;Hhe;Hachiman_type_I;HEC-01;HEC-04;HEC-06;HEC-08;HEC-09;Juk;Kiwa;Lit;mads;Menshen;Mok_Hok_Sok;Mokosh_TypeI;NLR_like;Olokun;Paris;PD-Lambda-1;PD-T4-3;PD-T4-4;PD-T4-5;PD-T4-6;PD-T7-1;PD-T7-2;PD-T7-4;PD-T7-1or5;PDC-S02;PDC-S05;PDC-S06;PDC-S08;PDC-S09;PDC-S11;PDC-S13;PDC-S15;PDC-S20;PDC-S21;PDC-S25;PDC-S26;PDC-S29;PDC-S31;PDC-S33;PDC-S36;PDC-S39;PDC-S45;PDC-S47;PDC-S66;PDC-S67;PDC_M01;PDC-M03;PDC-M04;PDC-M06;PDC-M09;PDC-M18;PDC-M29;PDC-M38;PDC-M40;PDC-M54;PDC-M62;PDC-M63;PDC-M66;PfiAT;PifA;ppl;Pycsar_effector;Radar;Retron_I_A;Retron_I-B;Retron_I_C;Retron_II-A;Retron_III;Retron_III-A;RIoC;RM_Type_IIG;RM_Type_III;RosmerTA;Rst_3HP;Rst_TIR-NLR;SanaTA;Septu_type_I;Shango;Shedu;ShosTA;tmn;Uzume;Wadjet_I;Zorya_TypeI,Beta-lactam;Phenicol;Fosfomycin;Quinolone,Amikacin;Gentamicin;Tobramycin;Aminoglycoside;Hygromycin;Kanamycin;Streptomycin;Chloramphenicol;Florfenicol;Rifamycin;Trimethoprim;Carbapenem;Cephalosporin;Bleomycin;Macrolide;Streptothricin;Sulfonamide;Tetracycline,Amoxicillin;Piperacillin;Ampicillin,,Amikacin;Gentamicin;Tobramycin;Piperacillin/Tazobactam;Ceftazidime;Meropenem;Imipenem;Ciprofloxacin;Levofloxacin;Colistin,Roth88;Roth27;Roth22;Roth90;Roth26;Roth23;Roth16;Roth51;Roth80;Roth66;Roth68;Roth34;Roth79;Roth01,Roth37;Roth39;Roth49;Roth50;Roth08;Roth74;Roth75;Roth42;Roth87;Roth24;Roth30;Roth44;Roth71;Roth84;Roth10;Roth83;Roth09;Roth85;Roth61;Roth47;Roth72;RothD;Roth32;RothG;RothJ;RothI;Roth41;Roth19;Roth20;Roth04;Roth78;Roth67;Roth77;Roth17;Roth21;Roth76,Roth93;Roth96,Roth37;Roth39;Roth49;Roth50;Roth08;Roth74;Roth75;Roth42;Roth87;Roth24;Roth30;Roth44;Roth93;Roth85;Roth47;Roth96;Roth72;Roth88;Roth27;Roth22;Roth90;Roth26;Roth41;Roth23;Roth16;Roth51;Roth80;Roth66;Roth68;Roth76;Roth34;Roth79;Roth01,Roth71;Roth84;Roth10;Roth83;Roth09;Roth61;RothD;Roth32;RothG;RothJ;RothI;Roth19;Roth20;Roth04;Roth67;Roth17;Roth21,Roth78;Roth77,,,,KLEB12
921530F,Klebsiella variicola,JBJHZO000000000,United Kingdom,KL53,K53,O3/O3a,O3/O3a,ST1875-1LV,No,No,No,yagV;yagW;yagX;yagY;yagZ;ompA;entA;entB;fepC,astA;iroB;iroC;iroD;iroN;iucA;iucB;iucC;iutA;mchF;peg-344;rmpA;rmpA2;rmpC;rmpD;ybtP;ybtQ;ybtX;ybtS;ybtA;ybtE;ybtT;ybtU;ykgK;fyuA;irp1;irp2;entE;espX5;fepD;fepG;fliG;fliM;fliN;flgH,fieF,arsA;arsB;arsC;arsD;arsR;clpK;crcB;hdeD-GI;hsp20;kefB-GI;merA;merC;merD;merE;merF;merP;merR;merT;ncrA;ncrB;ncrC;ncrY;pcoA;pcoB;pcoC;pcoD;pcoE;pcoR;pcoS;psi-GI;qacE;qacEdelta1;qacL;shsP;silA;silB;silC;silE;silF;silP;silR;silS;smr;terB;terC;terD;terE;trxLHR;yfdX1;yfdX2,AbiE;DRT_2;Gabija;GAO_19;NLR_like;Paris;PD-T7-2;PDC-S04;PDC-S07;PDC-S12;Shedu;VSPR,AbiC;AbiD;AbiH;AbiL;AbiU;AVAST_II;AVAST_V;Borvo;BREX_I;BstA;Bunzi;CapRel;cas_type-I-E;CBASS_I;CBASS_II;DarTG;DISARM_1;Dnd_ABCDE;Dnd_FGH;Dpd;DRT_1;DRT_3;DRT_4;Druantia_II;Druantia_III;dXTPase;Gao_Ape;Hhe;Hachiman_type_I;HEC-01;HEC-04;HEC-05;HEC-06;HEC-08;HEC-09;ietAS;Juk;Kiwa;Lamassu_family;Lit;mads;Menshen;Mok_Hok_Sok;Mokosh_TypeI;Mokosh_TypeII;Olokun;PD-Lambda-1;PD-T4-3;PD-T4-4;PD-T4-5;PD-T4-6;PD-T7-1;PD-T7-4;PD-T7-1or5;PDC-S02;PDC-S05;PDC-S06;PDC-S08;PDC-S09;PDC-S11;PDC-S13;PDC-S15;PDC-S20;PDC-S21;PDC-S25;PDC-S26;PDC-S29;PDC-S31;PDC-S33;PDC-S36;PDC-S39;PDC-S45;PDC-S47;PDC-S60;PDC-S66;PDC-S67;PDC_M01;PDC-M03;PDC-M04;PDC-M06;PDC-M09;PDC-M18;PDC-M26;PDC-M29;PDC-M38;PDC-M40;PDC-M54;PDC-M62;PDC-M63;PDC-M66;PfiAT;PifA;ppl;PrrC;Pycsar_effector;Radar;Retron_I_A;Retron_I-B;Retron_I_C;Retron_II-A;Retron_III;Retron_III-A;RIoC;RM_Type_I;RM_Type_II;RM_Type_IIG;RM_Type_III;RM_Type_IV;RosmerTA;Rst_3HP;Rst_TIR-NLR;SanaTA;SEFIR;Septu_type_I;Shango;ShosTA;SoFic;tmn;Uzume;Wadjet_I;Zorya_TypeI,Beta-lactam;Phenicol;Fosfomycin;Quinolone,Amikacin;Gentamicin;Tobramycin;Aminoglycoside;Hygromycin;Kanamycin;Streptomycin;Chloramphenicol;Florfenicol;Rifamycin;Trimethoprim;Carbapenem;Cephalosporin;Bleomycin;Macrolide;Streptothricin;Sulfonamide;Tetracycline,Amoxicillin;Piperacillin;Ampicillin,,Amikacin;Gentamicin;Tobramycin;Piperacillin/Tazobactam;Ceftazidime;Meropenem;Imipenem;Ciprofloxacin;Levofloxacin;Colistin,Roth51;Roth80;Roth66;Roth68;Roth76;Roth34;Roth79;Roth01,Roth37;Roth39;Roth49;Roth50;Roth08;Roth74;Roth75;Roth42;Roth87;Roth24;Roth30;Roth44;Roth71;Roth84;Roth10;Roth83;Roth09;Roth93;Roth85;Roth61;Roth47;Roth96;Roth72;RothD;Roth32;RothG;RothJ;RothI;Roth88;Roth27;Roth22;Roth90;Roth26;Roth19;Roth20;Roth04;Roth78;Roth67;Roth77,Roth41;Roth23;Roth16;Roth17;Roth21,RothI;Roth19;Roth20;Roth16;Roth17;Roth21;Roth51;Roth80;Roth66;Roth68;Roth76;Roth34;Roth79,Roth37;Roth39;Roth49;Roth50;Roth08;Roth74;Roth75;Roth42;Roth87;Roth24;Roth30;Roth44;Roth71;Roth84;Roth10;Roth83;Roth09;Roth93;Roth85;Roth61;Roth47;Roth96;Roth72;RothD;Roth32;RothG;RothJ;Roth88;Roth27;Roth22;Roth90;Roth26;Roth41;Roth23;Roth04;Roth78;Roth67;Roth77,Roth01,,,,921530F
1_1_55,Klebsiella variicola,JBKFVT000000000,,KL13,K13,O5,O5,ST848,No,No,No,ybtP;ybtQ;ybtX;ybtA;yagV;yagW;yagX;yagY;yagZ;ompA;entA;entB;entE;espX5;fepC;fepD,astA;iroB;iroC;iroD;iroN;iucA;iucB;iucC;iutA;mchF;peg-344;rmpA;rmpA2;rmpC;rmpD;ybtS;ybtE;ybtT;ybtU;ykgK;fyuA;irp1;irp2;fepG;fliG;fliM;fliN;flgH,fieF,arsA;arsB;arsC;arsD;arsR;clpK;crcB;hdeD-GI;hsp20;kefB-GI;merA;merC;merD;merE;merF;merP;merR;merT;ncrA;ncrB;ncrC;ncrY;pcoA;pcoB;pcoC;pcoD;pcoE;pcoR;pcoS;psi-GI;qacE;qacEdelta1;qacL;shsP;silA;silB;silC;silE;silF;silP;silR;silS;smr;terB;terC;terD;terE;trxLHR;yfdX1;yfdX2,AbiD;AbiE;cas_type-I-E;Gabija;HEC-08;Kiwa;Menshen;Mokosh_TypeII;PDC-S04;PDC-S07;PDC-S12;PDC-S15;PDC-M54;RM_Type_I;SoFic;VSPR;Wadjet_I,AbiC;AbiH;AbiL;AbiU;AVAST_II;AVAST_V;Borvo;BREX_I;BstA;Bunzi;CapRel;CBASS_I;CBASS_II;DarTG;DISARM_1;Dnd_ABCDE;Dnd_FGH;Dpd;DRT_1;DRT_2;DRT_3;DRT_4;Druantia_II;Druantia_III;dXTPase;GAO_19;Gao_Ape;Hhe;Hachiman_type_I;HEC-01;HEC-04;HEC-05;HEC-06;HEC-09;ietAS;Juk;Lamassu_family;Lit;mads;Mok_Hok_Sok;Mokosh_TypeI;NLR_like;Olokun;Paris;PD-Lambda-1;PD-T4-3;PD-T4-4;PD-T4-5;PD-T4-6;PD-T7-1;PD-T7-2;PD-T7-4;PD-T7-1or5;PDC-S02;PDC-S05;PDC-S06;PDC-S08;PDC-S09;PDC-S11;PDC-S13;PDC-S20;PDC-S21;PDC-S25;PDC-S26;PDC-S29;PDC-S31;PDC-S33;PDC-S36;PDC-S39;PDC-S45;PDC-S47;PDC-S60;PDC-S66;PDC-S67;PDC_M01;PDC-M03;PDC-M04;PDC-M06;PDC-M09;PDC-M18;PDC-M26;PDC-M29;PDC-M38;PDC-M40;PDC-M62;PDC-M63;PDC-M66;PfiAT;PifA;ppl;PrrC;Pycsar_effector;Radar;Retron_I_A;Retron_I-B;Retron_I_C;Retron_II-A;Retron_III;Retron_III-A;RIoC;RM_Type_II;RM_Type_IIG;RM_Type_III;RM_Type_IV;RosmerTA;Rst_3HP;Rst_TIR-NLR;SanaTA;SEFIR;Septu_type_I;Shango;Shedu;ShosTA;tmn;Uzume;Zorya_TypeI,Beta-lactam;Phenicol;Fosfomycin;Quinolone,Amikacin;Gentamicin;Tobramycin;Aminoglycoside;Hygromycin;Kanamycin;Streptomycin;Chloramphenicol;Florfenicol;Rifamycin;Trimethoprim;Carbapenem;Cephalosporin;Bleomycin;Macrolide;Streptothricin;Sulfonamide;Tetracycline,Amoxicillin;Piperacillin;Ampicillin,,Amikacin;Gentamicin;Tobramycin;Piperacillin/Tazobactam;Ceftazidime;Meropenem;Imipenem;Ciprofloxacin;Levofloxacin;Colistin,Roth08;Roth10,Roth37;Roth39;Roth49;Roth50;Roth74;Roth75;Roth42;Roth87;Roth24;Roth30;Roth44;Roth71;Roth84;Roth83;Roth09;Roth93;Roth85;Roth61;Roth47;Roth96;Roth72;RothD;Roth32;RothG;RothJ;RothI;Roth22;Roth90;Roth19;Roth20;Roth04;Roth78;Roth67;Roth77;Roth16;Roth17;Roth21;Roth51;Roth80;Roth66;Roth68;Roth76;Roth34;Roth79;Roth01,Roth88;Roth27;Roth26;Roth41;Roth23,,Roth37;Roth39;Roth49;Roth50;Roth08;Roth74;Roth75;Roth42;Roth87;Roth24;Roth30;Roth44;Roth71;Roth84;Roth10;Roth83;Roth09;Roth93;Roth85;Roth61;Roth47;Roth96;Roth72;RothD;Roth32;RothG;RothJ;RothI;Roth88;Roth27;Roth22;Roth90;Roth23;Roth19;Roth20;Roth04;Roth78;Roth67;Roth77;Roth16;Roth17;Roth21;Roth51;Roth80;Roth66;Roth68;Roth76;Roth34;Roth79;Roth01,Roth26;Roth41,,,,1155
KLEB5,Klebsiella pneumoniae,JBJHZI000000000,United Kingdom,KL10,K10,O1/O2v2,O1ab,ST26,No,No,Yes,yagV;yagW;yagX;yagY;yagZ;ykgK;ompA;entA;entB;fepC,astA;iroB;iroC;iroD;iroN;iucA;iucB;iucC;iutA;mchF;peg-344;rmpA;rmpA2;rmpC;rmpD;ybtP;ybtQ;ybtX;ybtS;ybtA;ybtE;ybtT;ybtU;fyuA;irp1;irp2;entE;espX5;fepD;fepG;fliG;fliM;fliN;flgH,fieF;ncrA;ncrB;ncrC;ncrY,arsA;arsB;arsC;arsD;arsR;clpK;crcB;hdeD-GI;hsp20;kefB-GI;merA;merC;merD;merE;merF;merP;merR;merT;pcoA;pcoB;pcoC;pcoD;pcoE;pcoR;pcoS;psi-GI;qacE;qacEdelta1;qacL;shsP;silA;silB;silC;silE;silF;silP;silR;silS;smr;terB;terC;terD;terE;trxLHR;yfdX1;yfdX2,AbiE;cas_type-I-E;CBASS_I;GAO_19;HEC-08;ietAS;PD-Lambda-1;PD-T7-2;PDC-S04;PDC-S07;PDC-S09;PDC-S12;PDC-S13;PDC-S47;PDC-S67;PDC_M01;RM_Type_I;RM_Type_II;RM_Type_IIG;VSPR,AbiC;AbiD;AbiH;AbiL;AbiU;AVAST_II;AVAST_V;Borvo;BREX_I;BstA;Bunzi;CapRel;CBASS_II;DarTG;DISARM_1;Dnd_ABCDE;Dnd_FGH;Dpd;DRT_1;DRT_2;DRT_3;DRT_4;Druantia_II;Druantia_III;dXTPase;Gabija;Gao_Ape;Hhe;Hachiman_type_I;HEC-01;HEC-04;HEC-05;HEC-06;HEC-09;Juk;Kiwa;Lamassu_family;Lit;mads;Menshen;Mok_Hok_Sok;Mokosh_TypeI;Mokosh_TypeII;NLR_like;Olokun;Paris;PD-T4-3;PD-T4-4;PD-T4-5;PD-T4-6;PD-T7-1;PD-T7-4;PD-T7-1or5;PDC-S02;PDC-S05;PDC-S06;PDC-S08;PDC-S11;PDC-S15;PDC-S20;PDC-S21;PDC-S25;PDC-S26;PDC-S29;PDC-S31;PDC-S33;PDC-S36;PDC-S39;PDC-S45;PDC-S60;PDC-S66;PDC-M03;PDC-M04;PDC-M06;PDC-M09;PDC-M18;PDC-M26;PDC-M29;PDC-M38;PDC-M40;PDC-M54;PDC-M62;PDC-M63;PDC-M66;PfiAT;PifA;ppl;PrrC;Pycsar_effector;Radar;Retron_I_A;Retron_I-B;Retron_I_C;Retron_II-A;Retron_III;Retron_III-A;RIoC;RM_Type_III;RM_Type_IV;RosmerTA;Rst_3HP;Rst_TIR-NLR;SanaTA;SEFIR;Septu_type_I;Shango;Shedu;ShosTA;SoFic;tmn;Uzume;Wadjet_I;Zorya_TypeI,Beta-lactam;Phenicol;Fosfomycin;Quinolone,Amikacin;Gentamicin;Tobramycin;Aminoglycoside;Hygromycin;Kanamycin;Streptomycin;Chloramphenicol;Florfenicol;Rifamycin;Trimethoprim;Carbapenem;Cephalosporin;Bleomycin;Macrolide;Streptothricin;Sulfonamide;Tetracycline,Amoxicillin;Piperacillin;Ampicillin,,Amikacin;Gentamicin;Tobramycin;Piperacillin/Tazobactam;Ceftazidime;Meropenem;Imipenem;Ciprofloxacin;Levofloxacin;Colistin,Roth88;Roth27;Roth22;Roth90;Roth26;Roth41;Roth23;Roth19;Roth20;Roth04;Roth78;Roth77;Roth16;Roth17;Roth21;Roth80;Roth66;Roth68;Roth76;Roth34;Roth79;Roth01,Roth37;Roth39;Roth49;Roth50;Roth08;Roth74;Roth75;Roth42;Roth87;Roth24;Roth30;Roth44;Roth71;Roth84;Roth10;Roth83;Roth09;Roth93;Roth85;Roth61;Roth47;Roth96;Roth72;RothD;Roth32;RothG;RothJ;RothI;Roth67;Roth51,,Roth37;Roth88;Roth27;Roth22;Roth90;Roth26;Roth41;Roth23;Roth19;Roth20;Roth04;Roth78;Roth67;Roth77;Roth16;Roth17;Roth21;Roth51;Roth80;Roth66;Roth68;Roth76;Roth34;Roth79;Roth01,Roth49;Roth50;Roth08;Roth74;Roth75;Roth42;Roth87;Roth24;Roth30;Roth44;Roth71;Roth84;Roth10;Roth83;Roth09;Roth93;Roth85;Roth61;Roth47;Roth96;Roth72;RothD;Roth32;RothG;RothJ;RothI,Roth39,,,,KLEB5
4_1_44FAA,Klebsiella pneumoniae,JBJHZW000000000,,KL28,K28,O1/O2v2,O1ab,ST1221,No,No,No,yagV;yagW;yagX;yagY;yagZ;ykgK;ompA;entA;entB;fepC,astA;iroB;iroC;iroD;iroN;iucA;iucB;iucC;iutA;mchF;peg-344;rmpA;rmpA2;rmpC;rmpD;ybtP;ybtQ;ybtX;ybtS;ybtA;ybtE;ybtT;ybtU;fyuA;irp1;irp2;entE;espX5;fepD;fepG;fliG;fliM;fliN;flgH,fieF;ncrA;ncrB;ncrC;ncrY;pcoA;pcoB;pcoC;pcoD;pcoR;pcoS;silA;silB;silC;silE;silF;silP;silR;silS,arsA;arsB;arsC;arsD;arsR;clpK;crcB;hdeD-GI;hsp20;kefB-GI;merA;merC;merD;merE;merF;merP;merR;merT;pcoE;psi-GI;qacE;qacEdelta1;qacL;shsP;smr;terB;terC;terD;terE;trxLHR;yfdX1;yfdX2,AbiD;AbiE;cas_type-I-E;Gabija;Hhe;ietAS;Mok_Hok_Sok;Mokosh_TypeI;PD-Lambda-1;PDC-S04;PDC-S07;PDC-S09;PDC-S11;PDC-S12;PDC-S13;RM_Type_I;Shango;ShosTA;VSPR,AbiC;AbiH;AbiL;AbiU;AVAST_II;AVAST_V;Borvo;BREX_I;BstA;Bunzi;CapRel;CBASS_I;CBASS_II;DarTG;DISARM_1;Dnd_ABCDE;Dnd_FGH;Dpd;DRT_1;DRT_2;DRT_3;DRT_4;Druantia_II;Druantia_III;dXTPase;GAO_19;Gao_Ape;Hachiman_type_I;HEC-01;HEC-04;HEC-05;HEC-06;HEC-08;HEC-09;Juk;Kiwa;Lamassu_family;Lit;mads;Menshen;Mokosh_TypeII;NLR_like;Olokun;Paris;PD-T4-3;PD-T4-4;PD-T4-5;PD-T4-6;PD-T7-1;PD-T7-2;PD-T7-4;PD-T7-1or5;PDC-S02;PDC-S05;PDC-S06;PDC-S08;PDC-S15;PDC-S20;PDC-S21;PDC-S25;PDC-S26;PDC-S29;PDC-S31;PDC-S33;PDC-S36;PDC-S39;PDC-S45;PDC-S47;PDC-S60;PDC-S66;PDC-S67;PDC_M01;PDC-M03;PDC-M04;PDC-M06;PDC-M09;PDC-M18;PDC-M26;PDC-M29;PDC-M38;PDC-M40;PDC-M54;PDC-M62;PDC-M63;PDC-M66;PfiAT;PifA;ppl;PrrC;Pycsar_effector;Radar;Retron_I_A;Retron_I-B;Retron_I_C;Retron_II-A;Retron_III;Retron_III-A;RIoC;RM_Type_II;RM_Type_IIG;RM_Type_III;RM_Type_IV;RosmerTA;Rst_3HP;Rst_TIR-NLR;SanaTA;SEFIR;Septu_type_I;Shedu;SoFic;tmn;Uzume;Wadjet_I;Zorya_TypeI,Fosfomycin,Amikacin;Gentamicin;Tobramycin;Aminoglycoside;Hygromycin;Kanamycin;Streptomycin;Chloramphenicol;Florfenicol;Rifamycin;Trimethoprim;Beta-lactam;Carbapenem;Cephalosporin;Bleomycin;Macrolide;Streptothricin;Phenicol;Quinolone;Sulfonamide;Tetracycline,,,Amikacin;Gentamicin;Tobramycin;Amoxicillin;Piperacillin;Piperacillin/Tazobactam;Ceftazidime;Meropenem;Imipenem;Ciprofloxacin;Levofloxacin;Colistin;Ampicillin,,Roth37;Roth39;Roth49;Roth50;Roth08;Roth74;Roth75;Roth42;Roth87;Roth24;Roth30;Roth44;Roth71;Roth84;Roth10;Roth83;Roth09;Roth93;Roth85;Roth61;Roth47;Roth96;Roth72;RothD;Roth32;RothG;RothJ;RothI;Roth88;Roth27;Roth22;Roth90;Roth26;Roth41;Roth23;Roth19;Roth20;Roth04;Roth78;Roth67;Roth77;Roth16;Roth17;Roth21;Roth51;Roth80;Roth66;Roth68;Roth76;Roth34;Roth79;Roth01,,,Roth37;Roth39;Roth49;Roth50;Roth08;Roth74;Roth75;Roth42;Roth87;Roth24;Roth30;Roth44;Roth71;Roth84;Roth10;Roth83;Roth09;Roth93;Roth85;Roth61;Roth47;Roth96;Roth72;RothD;Roth32;RothG;RothJ;RothI;Roth88;Roth27;Roth22;Roth90;Roth26;Roth41;Roth23;Roth19;Roth20;Roth04;Roth78;Roth67;Roth77;Roth16;Roth17;Roth21;Roth51;Roth80;Roth66;Roth68;Roth76;Roth34;Roth79;Roth01,,,,,4144FAA
K5962,Klebsiella pneumoniae,SAMN20169039,The Netherlands,KL46,K46,O3b,O3b,ST5392,No,No,No,yagV;yagW;yagX;yagY;yagZ;ompA;entA;entB;fepC,astA;iroB;iroC;iroD;iroN;iucA;iucB;iucC;iutA;mchF;peg-344;rmpA;rmpA2;rmpC;rmpD;ybtP;ybtQ;ybtX;ybtS;ybtA;ybtE;ybtT;ybtU;ykgK;fyuA;irp1;irp2;entE;espX5;fepD;fepG;fliG;fliM;fliN;flgH,arsD;fieF;hsp20;pcoR,arsA;arsB;arsC;arsR;clpK;crcB;hdeD-GI;kefB-GI;merA;merC;merD;merE;merF;merP;merR;merT;ncrA;ncrB;ncrC;ncrY;pcoA;pcoB;pcoC;pcoD;pcoE;pcoS;psi-GI;qacE;qacEdelta1;qacL;shsP;silA;silB;silC;silE;silF;silP;silR;silS;smr;terB;terC;terD;terE;trxLHR;yfdX1;yfdX2,AbiE;DarTG;HEC-04;Mok_Hok_Sok;NLR_like;PD-T4-3;PDC-S04;PDC-S06;PDC-S07;PDC-S12;RIoC;RM_Type_I;RM_Type_II;RM_Type_IV;Rst_TIR-NLR;SoFic;VSPR,AbiC;AbiD;AbiH;AbiL;AbiU;AVAST_II;AVAST_V;Borvo;BREX_I;BstA;Bunzi;CapRel;cas_type-I-E;CBASS_I;CBASS_II;DISARM_1;Dnd_ABCDE;Dnd_FGH;Dpd;DRT_1;DRT_2;DRT_3;DRT_4;Druantia_II;Druantia_III;dXTPase;Gabija;GAO_19;Gao_Ape;Hhe;Hachiman_type_I;HEC-01;HEC-05;HEC-06;HEC-08;HEC-09;ietAS;Juk;Kiwa;Lamassu_family;Lit;mads;Menshen;Mokosh_TypeI;Mokosh_TypeII;Olokun;Paris;PD-Lambda-1;PD-T4-4;PD-T4-5;PD-T4-6;PD-T7-1;PD-T7-2;PD-T7-4;PD-T7-1or5;PDC-S02;PDC-S05;PDC-S08;PDC-S09;PDC-S11;PDC-S13;PDC-S15;PDC-S20;PDC-S21;PDC-S25;PDC-S26;PDC-S29;PDC-S31;PDC-S33;PDC-S36;PDC-S39;PDC-S45;PDC-S47;PDC-S60;PDC-S66;PDC-S67;PDC_M01;PDC-M03;PDC-M04;PDC-M06;PDC-M09;PDC-M18;PDC-M26;PDC-M29;PDC-M38;PDC-M40;PDC-M54;PDC-M62;PDC-M63;PDC-M66;PfiAT;PifA;ppl;PrrC;Pycsar_effector;Radar;Retron_I_A;Retron_I-B;Retron_I_C;Retron_II-A;Retron_III;Retron_III-A;RM_Type_IIG;RM_Type_III;RosmerTA;Rst_3HP;SanaTA;SEFIR;Septu_type_I;Shango;Shedu;ShosTA;tmn;Uzume;Wadjet_I;Zorya_TypeI,Beta-lactam;Phenicol;Fosfomycin;Quinolone,Amikacin;Gentamicin;Tobramycin;Aminoglycoside;Hygromycin;Kanamycin;Streptomycin;Chloramphenicol;Florfenicol;Rifamycin;Trimethoprim;Carbapenem;Cephalosporin;Bleomycin;Macrolide;Streptothricin;Sulfonamide;Tetracycline,Amoxicillin;Ampicillin,Piperacillin;Piperacillin/Tazobactam,Amikacin;Gentamicin;Tobramycin;Ceftazidime;Meropenem;Imipenem;Ciprofloxacin;Levofloxacin;Colistin,Roth71;Roth88;Roth51;Roth66,Roth37;Roth39;Roth49;Roth50;Roth08;Roth74;Roth75;Roth42;Roth87;Roth24;Roth30;Roth44;Roth84;Roth10;Roth83;Roth09;Roth93;Roth85;Roth61;Roth47;Roth96;Roth72;RothD;Roth32;RothG;RothJ;RothI;Roth19;Roth20;Roth04;Roth78;Roth67;Roth77;Roth68,Roth27;Roth22;Roth90;Roth26;Roth41;Roth23;Roth16;Roth17;Roth21;Roth80;Roth76;Roth34;Roth79;Roth01,,Roth37;Roth39;Roth49;Roth50;Roth08;Roth74;Roth75;Roth42;Roth87;Roth24;Roth30;Roth44;Roth71;Roth84;Roth10;Roth83;Roth09;Roth93;Roth85;Roth61;Roth47;Roth96;Roth72;RothD;Roth32;RothG;RothJ;RothI;Roth88;Roth27;Roth22;Roth90;Roth26;Roth41;Roth19;Roth20;Roth04;Roth78;Roth67;Roth77;Roth16;Roth17;Roth21;Roth51;Roth80;Roth66;Roth68;Roth76;Roth34;Roth79,Roth23;Roth01,2017-11-13,2017.0,Tissue,K5962
ATCC_11296,Klebsiella pneumoniae sub ozaenae,NA,,KL4,K4,O1/O2v1,O2ac,ST91,No,No,No,astA;iucA;iucB;iucC;iutA;rmpA;ybtA;ompA;irp1;irp2;entA;entB;fepC,iroB;iroC;iroD;iroN;mchF;peg-344;rmpA2;rmpC;rmpD;ybtP;ybtQ;ybtX;ybtS;ybtE;ybtT;ybtU;yagV;yagW;yagX;yagY;yagZ;ykgK;fyuA;entE;espX5;fepD;fepG;fliG;fliM;fliN;flgH,fieF,arsA;arsB;arsC;arsD;arsR;clpK;crcB;hdeD-GI;hsp20;kefB-GI;merA;merC;merD;merE;merF;merP;merR;merT;ncrA;ncrB;ncrC;ncrY;pcoA;pcoB;pcoC;pcoD;pcoE;pcoR;pcoS;psi-GI;qacE;qacEdelta1;qacL;shsP;silA;silB;silC;silE;silF;silP;silR;silS;smr;terB;terC;terD;terE;trxLHR;yfdX1;yfdX2,cas_type-I-E;Kiwa;Mok_Hok_Sok;PD-T4-3;PDC-S04;PDC-S07;PDC-S12;PDC-S13;RM_Type_I;RM_Type_II;RM_Type_IV;ShosTA;VSPR;Wadjet_I,AbiC;AbiD;AbiE;AbiH;AbiL;AbiU;AVAST_II;AVAST_V;Borvo;BREX_I;BstA;Bunzi;CapRel;CBASS_I;CBASS_II;DarTG;DISARM_1;Dnd_ABCDE;Dnd_FGH;Dpd;DRT_1;DRT_2;DRT_3;DRT_4;Druantia_II;Druantia_III;dXTPase;Gabija;GAO_19;Gao_Ape;Hhe;Hachiman_type_I;HEC-01;HEC-04;HEC-05;HEC-06;HEC-08;HEC-09;ietAS;Juk;Lamassu_family;Lit;mads;Menshen;Mokosh_TypeI;Mokosh_TypeII;NLR_like;Olokun;Paris;PD-Lambda-1;PD-T4-4;PD-T4-5;PD-T4-6;PD-T7-1;PD-T7-2;PD-T7-4;PD-T7-1or5;PDC-S02;PDC-S05;PDC-S06;PDC-S08;PDC-S09;PDC-S11;PDC-S15;PDC-S20;PDC-S21;PDC-S25;PDC-S26;PDC-S29;PDC-S31;PDC-S33;PDC-S36;PDC-S39;PDC-S45;PDC-S47;PDC-S60;PDC-S66;PDC-S67;PDC_M01;PDC-M03;PDC-M04;PDC-M06;PDC-M09;PDC-M18;PDC-M26;PDC-M29;PDC-M38;PDC-M40;PDC-M54;PDC-M62;PDC-M63;PDC-M66;PfiAT;PifA;ppl;PrrC;Pycsar_effector;Radar;Retron_I_A;Retron_I-B;Retron_I_C;Retron_II-A;Retron_III;Retron_III-A;RIoC;RM_Type_IIG;RM_Type_III;RosmerTA;Rst_3HP;Rst_TIR-NLR;SanaTA;SEFIR;Septu_type_I;Shango;Shedu;SoFic;tmn;Uzume;Zorya_TypeI,Beta-lactam;Phenicol;Fosfomycin;Quinolone,Amikacin;Gentamicin;Tobramycin;Aminoglycoside;Hygromycin;Kanamycin;Streptomycin;Chloramphenicol;Florfenicol;Rifamycin;Trimethoprim;Carbapenem;Cephalosporin;Bleomycin;Macrolide;Streptothricin;Sulfonamide;Tetracycline,Amoxicillin;Piperacillin;Ampicillin,,Amikacin;Gentamicin;Tobramycin;Piperacillin/Tazobactam;Ceftazidime;Meropenem;Imipenem;Ciprofloxacin;Levofloxacin;Colistin,RothD;RothG;RothI,Roth37;Roth39;Roth49;Roth50;Roth08;Roth74;Roth75;Roth42;Roth87;Roth24;Roth30;Roth44;Roth71;Roth84;Roth10;Roth83;Roth09;Roth93;Roth85;Roth61;Roth47;Roth96;Roth72;Roth32;Roth19;Roth20;Roth04;Roth78;Roth67;Roth77;Roth17;Roth21;Roth34,RothJ;Roth88;Roth27;Roth22;Roth90;Roth26;Roth41;Roth23;Roth16;Roth51;Roth80;Roth66;Roth68;Roth76;Roth79;Roth01,,Roth37;Roth39;Roth49;Roth50;Roth08;Roth74;Roth75;Roth42;Roth87;Roth24;Roth30;Roth44;Roth71;Roth84;Roth10;Roth83;Roth09;Roth93;Roth85;Roth61;Roth47;Roth96;Roth72;RothD;Roth32;Roth88;Roth27;Roth22;Roth90;Roth26;Roth23;Roth19;Roth20;Roth04;Roth78;Roth67;Roth77;Roth16;Roth17;Roth21;Roth51;Roth80;Roth66;Roth68;Roth76;Roth34;Roth79;Roth01,RothG;RothJ;RothI;Roth41,,,,ATCC11296
CFI_127_NDM1,Klebsiella pneumoniae,JBELWP000000000,,KL24,K24,O1/O2v1,O2a,ST11,Yes,No,No,ybtP;ybtQ;ybtX;ybtS;ybtA;ybtE;ybtT;ybtU;yagV;yagW;yagX;yagY;yagZ;ykgK;ompA;fyuA;irp1;irp2;entA;entB;fepC,astA;iroB;iroC;iroD;iroN;iucA;iucB;iucC;iutA;mchF;peg-344;rmpA;rmpA2;rmpC;rmpD;entE;espX5;fepD;fepG;fliG;fliM;fliN;flgH,arsA;arsB;arsC;arsD;arsR;fieF;merA;merD;merE;merR;merT;pcoA;pcoB;pcoC;pcoD;pcoE;pcoR;pcoS;silA;silB;silC;silE;silF;silP;silR;silS,clpK;crcB;hdeD-GI;hsp20;kefB-GI;merC;merF;merP;ncrA;ncrB;ncrC;ncrY;psi-GI;qacE;qacEdelta1;qacL;shsP;smr;terB;terC;terD;terE;trxLHR;yfdX1;yfdX2,AbiE;AbiU;CBASS_I;Hhe;HEC-06;Kiwa;Lamassu_family;Lit;Mok_Hok_Sok;PD-T7-1;PD-T7-1or5;PDC-S04;PDC-S07;PDC-S09;PDC-S12;PDC-S13;PDC-S15;PDC-S67;PDC-M18;RM_Type_I;RM_Type_II;RM_Type_IV;Shango;ShosTA;SoFic;VSPR,AbiC;AbiD;AbiH;AbiL;AVAST_II;AVAST_V;Borvo;BREX_I;BstA;Bunzi;CapRel;cas_type-I-E;CBASS_II;DarTG;DISARM_1;Dnd_ABCDE;Dnd_FGH;Dpd;DRT_1;DRT_2;DRT_3;DRT_4;Druantia_II;Druantia_III;dXTPase;Gabija;GAO_19;Gao_Ape;Hachiman_type_I;HEC-01;HEC-04;HEC-05;HEC-08;HEC-09;ietAS;Juk;mads;Menshen;Mokosh_TypeI;Mokosh_TypeII;NLR_like;Olokun;Paris;PD-Lambda-1;PD-T4-3;PD-T4-4;PD-T4-5;PD-T4-6;PD-T7-2;PD-T7-4;PDC-S02;PDC-S05;PDC-S06;PDC-S08;PDC-S11;PDC-S20;PDC-S21;PDC-S25;PDC-S26;PDC-S29;PDC-S31;PDC-S33;PDC-S36;PDC-S39;PDC-S45;PDC-S47;PDC-S60;PDC-S66;PDC_M01;PDC-M03;PDC-M04;PDC-M06;PDC-M09;PDC-M26;PDC-M29;PDC-M38;PDC-M40;PDC-M54;PDC-M62;PDC-M63;PDC-M66;PfiAT;PifA;ppl;PrrC;Pycsar_effector;Radar;Retron_I_A;Retron_I-B;Retron_I_C;Retron_II-A;Retron_III;Retron_III-A;RIoC;RM_Type_IIG;RM_Type_III;RosmerTA;Rst_3HP;Rst_TIR-NLR;SanaTA;SEFIR;Septu_type_I;Shedu;tmn;Uzume;Wadjet_I;Zorya_TypeI,Amikacin;Tobramycin;Kanamycin;Trimethoprim;Beta-lactam;Carbapenem;Cephalosporin;Bleomycin;Macrolide;Phenicol;Fosfomycin;Quinolone;Tetracycline,Gentamicin;Aminoglycoside;Hygromycin;Streptomycin;Chloramphenicol;Florfenicol;Rifamycin;Streptothricin;Sulfonamide,Amikacin;Gentamicin;Tobramycin;Amoxicillin;Piperacillin;Piperacillin/Tazobactam;Ceftazidime;Meropenem;Imipenem;Ciprofloxacin;Levofloxacin;Ampicillin,,Colistin,,Roth37;Roth39;Roth49;Roth50;Roth08;Roth74;Roth75;Roth42;Roth87;Roth24;Roth30;Roth44;Roth71;Roth84;Roth10;Roth83;Roth09;Roth93;Roth85;Roth61;Roth47;Roth96;Roth72;RothD;Roth32;RothG;RothJ;RothI;Roth88;Roth27;Roth22;Roth90;Roth26;Roth41;Roth23;Roth19;Roth20;Roth04;Roth78;Roth67;Roth77;Roth17,Roth16;Roth21;Roth51;Roth80;Roth66;Roth68;Roth76;Roth34;Roth79;Roth01,Roth79,Roth37;Roth39;Roth49;Roth50;Roth08;Roth74;Roth75;Roth42;Roth87;Roth24;Roth30;Roth44;Roth71;Roth84;Roth10;Roth83;Roth09;Roth93;Roth85;Roth61;Roth47;Roth96;Roth72;RothD;Roth32;RothG;RothJ;RothI;Roth88;Roth27;Roth22;Roth90;Roth26;Roth41;Roth23;Roth19;Roth20;Roth04;Roth78;Roth67;Roth77;Roth16;Roth17;Roth21;Roth51;Roth80;Roth66;Roth68;Roth76;Roth01,Roth34,,,,CFI127NDM1
CFI_108_OXA181,Klebsiella pneumoniae,JBELWT000000000,,KL24,K24,O1/O2v1,O2a,ST11,Yes,Yes,No,ybtP;ybtQ;ybtX;ybtS;ybtA;ybtE;ybtT;ybtU;yagV;yagW;yagX;yagY;yagZ;ykgK;ompA;fyuA;irp1;irp2;entA;entB;fepC,astA;iroB;iroC;iroD;iroN;iucA;iucB;iucC;iutA;mchF;peg-344;rmpA;rmpA2;rmpC;rmpD;entE;espX5;fepD;fepG;fliG;fliM;fliN;flgH,arsA;arsB;arsC;arsD;arsR;clpK;fieF;hsp20;merA;merD;merE;merR;merT;pcoA;pcoB;pcoC;pcoD;pcoE;pcoR;pcoS;qacEdelta1;silA;silB;silC;silE;silF;silP;silR;silS;terB;terC;terD;terE,crcB;hdeD-GI;kefB-GI;merC;merF;merP;ncrA;ncrB;ncrC;ncrY;psi-GI;qacE;qacL;shsP;smr;trxLHR;yfdX1;yfdX2,AbiE;AbiU;Borvo;CBASS_I;Gabija;Lamassu_family;Mok_Hok_Sok;Mokosh_TypeII;PD-T7-1;PD-T7-1or5;PDC-S04;PDC-S07;PDC-S12;PDC-S13;PDC-S15;PDC-S29;PDC-S31;PDC-M18;RM_Type_I;RM_Type_II;RM_Type_IV;SoFic;VSPR,AbiC;AbiD;AbiH;AbiL;AVAST_II;AVAST_V;BREX_I;BstA;Bunzi;CapRel;cas_type-I-E;CBASS_II;DarTG;DISARM_1;Dnd_ABCDE;Dnd_FGH;Dpd;DRT_1;DRT_2;DRT_3;DRT_4;Druantia_II;Druantia_III;dXTPase;GAO_19;Gao_Ape;Hhe;Hachiman_type_I;HEC-01;HEC-04;HEC-05;HEC-06;HEC-08;HEC-09;ietAS;Juk;Kiwa;Lit;mads;Menshen;Mokosh_TypeI;NLR_like;Olokun;Paris;PD-Lambda-1;PD-T4-3;PD-T4-4;PD-T4-5;PD-T4-6;PD-T7-2;PD-T7-4;PDC-S02;PDC-S05;PDC-S06;PDC-S08;PDC-S09;PDC-S11;PDC-S20;PDC-S21;PDC-S25;PDC-S26;PDC-S33;PDC-S36;PDC-S39;PDC-S45;PDC-S47;PDC-S60;PDC-S66;PDC-S67;PDC_M01;PDC-M03;PDC-M04;PDC-M06;PDC-M09;PDC-M26;PDC-M29;PDC-M38;PDC-M40;PDC-M54;PDC-M62;PDC-M63;PDC-M66;PfiAT;PifA;ppl;PrrC;Pycsar_effector;Radar;Retron_I_A;Retron_I-B;Retron_I_C;Retron_II-A;Retron_III;Retron_III-A;RIoC;RM_Type_IIG;RM_Type_III;RosmerTA;Rst_3HP;Rst_TIR-NLR;SanaTA;SEFIR;Septu_type_I;Shango;Shedu;ShosTA;tmn;Uzume;Wadjet_I;Zorya_TypeI,Amikacin;Gentamicin;Tobramycin;Kanamycin;Streptomycin;Chloramphenicol;Trimethoprim;Beta-lactam;Carbapenem;Cephalosporin;Macrolide;Phenicol;Fosfomycin;Quinolone;Sulfonamide,Aminoglycoside;Hygromycin;Florfenicol;Rifamycin;Bleomycin;Streptothricin;Tetracycline,Amikacin;Gentamicin;Tobramycin;Amoxicillin;Piperacillin;Piperacillin/Tazobactam;Ceftazidime;Meropenem;Imipenem;Ciprofloxacin;Levofloxacin;Ampicillin,,Colistin,Roth88;Roth27;Roth90;Roth26;Roth41;Roth23;Roth04;Roth78;Roth67;Roth77;Roth16;Roth51;Roth80;Roth66;Roth68;Roth76;Roth34;Roth79;Roth01,Roth37;Roth39;Roth49;Roth50;Roth08;Roth74;Roth75;Roth42;Roth87;Roth24;Roth30;Roth44;Roth71;Roth84;Roth10;Roth83;Roth09;Roth93;Roth85;Roth61;Roth47;Roth72;RothD;Roth32;RothG;RothJ;RothI;Roth19;Roth20;Roth17,Roth96;Roth22;Roth21,Roth04;Roth16;Roth51;Roth80;Roth66;Roth68;Roth76;Roth34;Roth79;Roth01,Roth37;Roth39;Roth49;Roth50;Roth08;Roth74;Roth75;Roth42;Roth87;Roth24;Roth30;Roth44;Roth71;Roth84;Roth10;Roth83;Roth09;Roth93;Roth85;Roth61;Roth47;Roth96;Roth72;RothD;Roth32;RothG;RothJ;RothI;Roth27;Roth22;Roth90;Roth19;Roth20;Roth78;Roth67;Roth77;Roth17;Roth21,Roth88;Roth26;Roth41;Roth23,,,,CFI108OXA181
2660,Klebsiella pneumoniae,JBELXA000000000,,KL125,unknown (KL125),O3b,O3b,ST11,No,No,No,yagV;yagW;yagX;yagY;yagZ;ykgK;ompA;entA;entB;fepC,astA;iroB;iroC;iroD;iroN;iucA;iucB;iucC;iutA;mchF;peg-344;rmpA;rmpA2;rmpC;rmpD;ybtP;ybtQ;ybtX;ybtS;ybtA;ybtE;ybtT;ybtU;fyuA;irp1;irp2;entE;espX5;fepD;fepG;fliG;fliM;fliN;flgH,arsA;arsB;arsC;arsD;arsR;clpK;fieF;hsp20;merA;merD;merE;merR;merT;pcoA;pcoB;pcoC;pcoD;pcoE;pcoR;pcoS;qacEdelta1;silA;silB;silC;silE;silF;silP;silR;silS,crcB;hdeD-GI;kefB-GI;merC;merF;merP;ncrA;ncrB;ncrC;ncrY;psi-GI;qacE;qacL;shsP;smr;terB;terC;terD;terE;trxLHR;yfdX1;yfdX2,AbiE;AbiU;DRT_3;HEC-09;Mok_Hok_Sok;Mokosh_TypeI;PD-T7-1;PD-T7-1or5;PDC-S04;PDC-S07;PDC-S12;PDC-S13;PDC-S36;PDC-S67;PDC-M18;RIoC;RM_Type_II;RM_Type_IV;Rst_3HP;Shango;SoFic;VSPR,AbiC;AbiD;AbiH;AbiL;AVAST_II;AVAST_V;Borvo;BREX_I;BstA;Bunzi;CapRel;cas_type-I-E;CBASS_I;CBASS_II;DarTG;DISARM_1;Dnd_ABCDE;Dnd_FGH;Dpd;DRT_1;DRT_2;DRT_4;Druantia_II;Druantia_III;dXTPase;Gabija;GAO_19;Gao_Ape;Hhe;Hachiman_type_I;HEC-01;HEC-04;HEC-05;HEC-06;HEC-08;ietAS;Juk;Kiwa;Lamassu_family;Lit;mads;Menshen;Mokosh_TypeII;NLR_like;Olokun;Paris;PD-Lambda-1;PD-T4-3;PD-T4-4;PD-T4-5;PD-T4-6;PD-T7-2;PD-T7-4;PDC-S02;PDC-S05;PDC-S06;PDC-S08;PDC-S09;PDC-S11;PDC-S15;PDC-S20;PDC-S21;PDC-S25;PDC-S26;PDC-S29;PDC-S31;PDC-S33;PDC-S39;PDC-S45;PDC-S47;PDC-S60;PDC-S66;PDC_M01;PDC-M03;PDC-M04;PDC-M06;PDC-M09;PDC-M26;PDC-M29;PDC-M38;PDC-M40;PDC-M54;PDC-M62;PDC-M63;PDC-M66;PfiAT;PifA;ppl;PrrC;Pycsar_effector;Radar;Retron_I_A;Retron_I-B;Retron_I_C;Retron_II-A;Retron_III;Retron_III-A;RM_Type_I;RM_Type_IIG;RM_Type_III;RosmerTA;Rst_TIR-NLR;SanaTA;SEFIR;Septu_type_I;Shedu;ShosTA;tmn;Uzume;Wadjet_I;Zorya_TypeI,Amikacin;Gentamicin;Tobramycin;Kanamycin;Streptomycin;Trimethoprim;Beta-lactam;Cephalosporin;Macrolide;Phenicol;Fosfomycin;Quinolone;Sulfonamide;Tetracycline,Aminoglycoside;Hygromycin;Chloramphenicol;Florfenicol;Rifamycin;Carbapenem;Bleomycin;Streptothricin,Gentamicin;Tobramycin;Amoxicillin;Piperacillin;Piperacillin/Tazobactam;Ceftazidime;Ciprofloxacin;Levofloxacin;Ampicillin,,Amikacin;Meropenem;Imipenem;Colistin,Roth16;Roth17;Roth21,Roth37;Roth39;Roth49;Roth50;Roth08;Roth74;Roth75;Roth42;Roth87;Roth24;Roth30;Roth44;Roth71;Roth84;Roth10;Roth83;Roth09;Roth93;Roth85;Roth61;Roth47;Roth96;Roth72;RothD;Roth32;RothG;RothJ;RothI;Roth88;Roth27;Roth22;Roth90;Roth26;Roth41;Roth23;Roth19;Roth20;Roth04;Roth78;Roth67;Roth77;Roth51;Roth80;Roth66;Roth68;Roth76;Roth34;Roth79;Roth01,,Roth17;Roth21,Roth37;Roth39;Roth49;Roth50;Roth08;Roth74;Roth75;Roth42;Roth87;Roth24;Roth30;Roth44;Roth71;Roth84;Roth10;Roth83;Roth09;Roth93;Roth85;Roth61;Roth47;Roth96;Roth72;RothD;Roth32;RothG;RothJ;RothI;Roth88;Roth27;Roth22;Roth90;Roth26;Roth41;Roth23;Roth19;Roth20;Roth04;Roth78;Roth67;Roth77;Roth16;Roth51;Roth80;Roth66;Roth68;Roth76;Roth34;Roth79;Roth01,,,,,2660
2619,Klebsiella pneumoniae,JBELXB000000000,,KL125,unknown (KL125),O3b,O3b,ST11,Yes,No,No,yagV;yagW;yagX;yagY;yagZ;ykgK;ompA;entA;entB;fepC,astA;iroB;iroC;iroD;iroN;iucA;iucB;iucC;iutA;mchF;peg-344;rmpA;rmpA2;rmpC;rmpD;ybtP;ybtQ;ybtX;ybtS;ybtA;ybtE;ybtT;ybtU;fyuA;irp1;irp2;entE;espX5;fepD;fepG;fliG;fliM;fliN;flgH,arsA;arsB;arsC;arsD;arsR;clpK;fieF;hsp20;merA;merD;merE;merR;merT;pcoA;pcoB;pcoC;pcoD;pcoE;pcoR;pcoS;silA;silB;silC;silE;silF;silP;silR;silS,crcB;hdeD-GI;kefB-GI;merC;merF;merP;ncrA;ncrB;ncrC;ncrY;psi-GI;qacE;qacEdelta1;qacL;shsP;smr;terB;terC;terD;terE;trxLHR;yfdX1;yfdX2,AbiE;AbiU;HEC-09;Mok_Hok_Sok;PD-T7-1;PD-T7-1or5;PDC-S04;PDC-S07;PDC-S12;PDC-S13;PDC-S67;PDC-M18;RM_Type_II;RM_Type_IV;Rst_3HP;Shango;SoFic;VSPR,AbiC;AbiD;AbiH;AbiL;AVAST_II;AVAST_V;Borvo;BREX_I;BstA;Bunzi;CapRel;cas_type-I-E;CBASS_I;CBASS_II;DarTG;DISARM_1;Dnd_ABCDE;Dnd_FGH;Dpd;DRT_1;DRT_2;DRT_3;DRT_4;Druantia_II;Druantia_III;dXTPase;Gabija;GAO_19;Gao_Ape;Hhe;Hachiman_type_I;HEC-01;HEC-04;HEC-05;HEC-06;HEC-08;ietAS;Juk;Kiwa;Lamassu_family;Lit;mads;Menshen;Mokosh_TypeI;Mokosh_TypeII;NLR_like;Olokun;Paris;PD-Lambda-1;PD-T4-3;PD-T4-4;PD-T4-5;PD-T4-6;PD-T7-2;PD-T7-4;PDC-S02;PDC-S05;PDC-S06;PDC-S08;PDC-S09;PDC-S11;PDC-S15;PDC-S20;PDC-S21;PDC-S25;PDC-S26;PDC-S29;PDC-S31;PDC-S33;PDC-S36;PDC-S39;PDC-S45;PDC-S47;PDC-S60;PDC-S66;PDC_M01;PDC-M03;PDC-M04;PDC-M06;PDC-M09;PDC-M26;PDC-M29;PDC-M38;PDC-M40;PDC-M54;PDC-M62;PDC-M63;PDC-M66;PfiAT;PifA;ppl;PrrC;Pycsar_effector;Radar;Retron_I_A;Retron_I-B;Retron_I_C;Retron_II-A;Retron_III;Retron_III-A;RIoC;RM_Type_I;RM_Type_IIG;RM_Type_III;RosmerTA;Rst_TIR-NLR;SanaTA;SEFIR;Septu_type_I;Shedu;ShosTA;tmn;Uzume;Wadjet_I;Zorya_TypeI,Amikacin;Tobramycin;Kanamycin;Trimethoprim;Cephalosporin;Macrolide;Phenicol;Fosfomycin;Quinolone;Tetracycline,Gentamicin;Aminoglycoside;Hygromycin;Streptomycin;Chloramphenicol;Florfenicol;Rifamycin;Beta-lactam;Carbapenem;Bleomycin;Streptothricin;Sulfonamide,Gentamicin;Tobramycin;Amoxicillin;Piperacillin;Piperacillin/Tazobactam;Ceftazidime;Ciprofloxacin;Levofloxacin;Ampicillin,,Amikacin;Meropenem;Imipenem;Colistin,,Roth37;Roth39;Roth49;Roth50;Roth08;Roth74;Roth75;Roth42;Roth87;Roth24;Roth30;Roth44;Roth71;Roth84;Roth10;Roth83;Roth09;Roth93;Roth85;Roth61;Roth47;Roth96;Roth72;RothD;Roth32;RothG;RothJ;RothI;Roth88;Roth27;Roth22;Roth90;Roth26;Roth41;Roth23;Roth19;Roth20;Roth04;Roth78;Roth67;Roth77;Roth17;Roth51;Roth80;Roth66;Roth68;Roth76;Roth34;Roth79;Roth01,Roth16;Roth21,Roth16,Roth37;Roth39;Roth49;Roth50;Roth08;Roth74;Roth75;Roth42;Roth87;Roth24;Roth30;Roth44;Roth71;Roth84;Roth10;Roth83;Roth09;Roth93;Roth85;Roth61;Roth47;Roth96;Roth72;RothD;Roth32;RothG;RothJ;RothI;Roth88;Roth27;Roth22;Roth90;Roth26;Roth41;Roth23;Roth19;Roth20;Roth04;Roth78;Roth67;Roth77;Roth17;Roth21;Roth51;Roth80;Roth66;Roth68;Roth76;Roth34;Roth79;Roth01,,2005,2005.0,,2619
MDRT1,Klebsiella pneumoniae,JBELWD000000000,United Kingdom,KL105,Capsule null,O1/O2v2,O2afg,ST11,Yes,Yes,No,yagV;yagW;yagX;yagY;yagZ;ykgK;ompA;entA;entB;fepC,astA;iroB;iroC;iroD;iroN;iucA;iucB;iucC;iutA;mchF;peg-344;rmpA;rmpA2;rmpC;rmpD;ybtP;ybtQ;ybtX;ybtS;ybtA;ybtE;ybtT;ybtU;fyuA;irp1;irp2;entE;espX5;fepD;fepG;fliG;fliM;fliN;flgH,arsA;arsB;arsC;arsD;arsR;fieF;pcoA;pcoB;pcoC;pcoD;pcoE;pcoR;pcoS;silA;silB;silC;silE;silF;silP;silR;silS,clpK;crcB;hdeD-GI;hsp20;kefB-GI;merA;merC;merD;merE;merF;merP;merR;merT;ncrA;ncrB;ncrC;ncrY;psi-GI;qacE;qacEdelta1;qacL;shsP;smr;terB;terC;terD;terE;trxLHR;yfdX1;yfdX2,AbiC;AbiD;AbiE;AbiU;Mok_Hok_Sok;PD-T7-1;PD-T7-1or5;PDC-S04;PDC-S07;PDC-S12;PDC-M18;RM_Type_IV;Shango;SoFic;VSPR,AbiH;AbiL;AVAST_II;AVAST_V;Borvo;BREX_I;BstA;Bunzi;CapRel;cas_type-I-E;CBASS_I;CBASS_II;DarTG;DISARM_1;Dnd_ABCDE;Dnd_FGH;Dpd;DRT_1;DRT_2;DRT_3;DRT_4;Druantia_II;Druantia_III;dXTPase;Gabija;GAO_19;Gao_Ape;Hhe;Hachiman_type_I;HEC-01;HEC-04;HEC-05;HEC-06;HEC-08;HEC-09;ietAS;Juk;Kiwa;Lamassu_family;Lit;mads;Menshen;Mokosh_TypeI;Mokosh_TypeII;NLR_like;Olokun;Paris;PD-Lambda-1;PD-T4-3;PD-T4-4;PD-T4-5;PD-T4-6;PD-T7-2;PD-T7-4;PDC-S02;PDC-S05;PDC-S06;PDC-S08;PDC-S09;PDC-S11;PDC-S13;PDC-S15;PDC-S20;PDC-S21;PDC-S25;PDC-S26;PDC-S29;PDC-S31;PDC-S33;PDC-S36;PDC-S39;PDC-S45;PDC-S47;PDC-S60;PDC-S66;PDC-S67;PDC_M01;PDC-M03;PDC-M04;PDC-M06;PDC-M09;PDC-M26;PDC-M29;PDC-M38;PDC-M40;PDC-M54;PDC-M62;PDC-M63;PDC-M66;PfiAT;PifA;ppl;PrrC;Pycsar_effector;Radar;Retron_I_A;Retron_I-B;Retron_I_C;Retron_II-A;Retron_III;Retron_III-A;RIoC;RM_Type_I;RM_Type_II;RM_Type_IIG;RM_Type_III;RosmerTA;Rst_3HP;Rst_TIR-NLR;SanaTA;SEFIR;Septu_type_I;Shedu;ShosTA;tmn;Uzume;Wadjet_I;Zorya_TypeI,Chloramphenicol;Beta-lactam;Carbapenem;Phenicol;Fosfomycin;Quinolone,Amikacin;Gentamicin;Tobramycin;Aminoglycoside;Hygromycin;Kanamycin;Streptomycin;Florfenicol;Rifamycin;Trimethoprim;Cephalosporin;Bleomycin;Macrolide;Streptothricin;Sulfonamide;Tetracycline,Amikacin;Gentamicin;Tobramycin;Amoxicillin;Piperacillin;Piperacillin/Tazobactam;Ceftazidime;Meropenem;Imipenem;Ciprofloxacin;Levofloxacin;Colistin;Ampicillin,,,Roth39;Roth08;Roth74;Roth75;Roth42;Roth87;Roth24;Roth30;Roth44;Roth71;Roth84;Roth10;Roth83;Roth09;Roth93;Roth85;Roth61;Roth47;Roth96;Roth72;Roth32;Roth88;Roth27;Roth22;Roth90;Roth26;Roth41;Roth23;Roth20;Roth04;Roth78;Roth67;Roth77;Roth51;Roth80;Roth66;Roth68;Roth01,Roth49;Roth50;RothD;RothG;RothJ;RothI;Roth19,Roth37;Roth16;Roth17;Roth21;Roth76;Roth34;Roth79,Roth39;Roth08;Roth74;Roth75;Roth42;Roth87;Roth24;Roth30;Roth44;Roth71;Roth84;Roth10;Roth83;Roth09;Roth93;Roth85;Roth61;Roth88;Roth22;Roth26;Roth41;Roth23,Roth37;Roth49;Roth50;Roth47;Roth96;Roth72;RothD;Roth32;RothG;RothJ;RothI;Roth27;Roth90;Roth19;Roth20;Roth04;Roth78;Roth67;Roth77;Roth16;Roth17;Roth21;Roth51;Roth80;Roth66;Roth68;Roth76;Roth34;Roth79;Roth01,,,,Hospital sink trap,MDRT1
2609,Klebsiella pneumoniae,JBELXC000000000,,KL125,unknown (KL125),O3b,O3b,ST11,Yes,Yes,No,yagV;yagW;yagX;yagY;yagZ;ykgK;ompA;entA;entB;fepC,astA;iroB;iroC;iroD;iroN;iucA;iucB;iucC;iutA;mchF;peg-344;rmpA;rmpA2;rmpC;rmpD;ybtP;ybtQ;ybtX;ybtS;ybtA;ybtE;ybtT;ybtU;fyuA;irp1;irp2;entE;espX5;fepD;fepG;fliG;fliM;fliN;flgH,arsA;arsB;arsC;arsD;arsR;clpK;fieF;hsp20;merA;merD;merE;merR;merT;pcoA;pcoB;pcoC;pcoD;pcoE;pcoR;pcoS;qacEdelta1;silA;silB;silC;silE;silF;silP;silR;silS,crcB;hdeD-GI;kefB-GI;merC;merF;merP;ncrA;ncrB;ncrC;ncrY;psi-GI;qacE;qacL;shsP;smr;terB;terC;terD;terE;trxLHR;yfdX1;yfdX2,AbiE;AbiU;HEC-09;Mok_Hok_Sok;PD-T7-1;PD-T7-1or5;PDC-S04;PDC-S07;PDC-S12;PDC-S13;PDC-S36;PDC-S67;PDC-M18;RM_Type_II;RM_Type_IV;Rst_3HP;Shango;SoFic;VSPR,AbiC;AbiD;AbiH;AbiL;AVAST_II;AVAST_V;Borvo;BREX_I;BstA;Bunzi;CapRel;cas_type-I-E;CBASS_I;CBASS_II;DarTG;DISARM_1;Dnd_ABCDE;Dnd_FGH;Dpd;DRT_1;DRT_2;DRT_3;DRT_4;Druantia_II;Druantia_III;dXTPase;Gabija;GAO_19;Gao_Ape;Hhe;Hachiman_type_I;HEC-01;HEC-04;HEC-05;HEC-06;HEC-08;ietAS;Juk;Kiwa;Lamassu_family;Lit;mads;Menshen;Mokosh_TypeI;Mokosh_TypeII;NLR_like;Olokun;Paris;PD-Lambda-1;PD-T4-3;PD-T4-4;PD-T4-5;PD-T4-6;PD-T7-2;PD-T7-4;PDC-S02;PDC-S05;PDC-S06;PDC-S08;PDC-S09;PDC-S11;PDC-S15;PDC-S20;PDC-S21;PDC-S25;PDC-S26;PDC-S29;PDC-S31;PDC-S33;PDC-S39;PDC-S45;PDC-S47;PDC-S60;PDC-S66;PDC_M01;PDC-M03;PDC-M04;PDC-M06;PDC-M09;PDC-M26;PDC-M29;PDC-M38;PDC-M40;PDC-M54;PDC-M62;PDC-M63;PDC-M66;PfiAT;PifA;ppl;PrrC;Pycsar_effector;Radar;Retron_I_A;Retron_I-B;Retron_I_C;Retron_II-A;Retron_III;Retron_III-A;RIoC;RM_Type_I;RM_Type_IIG;RM_Type_III;RosmerTA;Rst_TIR-NLR;SanaTA;SEFIR;Septu_type_I;Shedu;ShosTA;tmn;Uzume;Wadjet_I;Zorya_TypeI,Amikacin;Gentamicin;Tobramycin;Kanamycin;Streptomycin;Trimethoprim;Beta-lactam;Cephalosporin;Macrolide;Phenicol;Fosfomycin;Quinolone;Sulfonamide;Tetracycline,Aminoglycoside;Hygromycin;Chloramphenicol;Florfenicol;Rifamycin;Carbapenem;Bleomycin;Streptothricin,Tobramycin;Amoxicillin;Piperacillin;Piperacillin/Tazobactam;Ceftazidime;Ciprofloxacin;Levofloxacin;Ampicillin,,Amikacin;Gentamicin;Meropenem;Imipenem;Colistin,Roth37;Roth39;Roth49;Roth50;Roth88;Roth27;Roth22;Roth90;Roth26;Roth41;Roth23;Roth19;Roth20;Roth16;Roth17;Roth21,Roth08;Roth74;Roth75;Roth42;Roth87;Roth24;Roth30;Roth44;Roth71;Roth84;Roth10;Roth83;Roth09;Roth93;Roth85;Roth61;Roth47;Roth96;Roth72;RothD;Roth32;RothG;RothJ;RothI;Roth04;Roth78;Roth67;Roth77;Roth51;Roth80;Roth66;Roth68;Roth76;Roth34;Roth79;Roth01,,Roth88;Roth23;Roth19;Roth20;Roth16;Roth17;Roth21,Roth37;Roth39;Roth49;Roth50;Roth08;Roth74;Roth75;Roth42;Roth87;Roth24;Roth30;Roth44;Roth71;Roth84;Roth10;Roth83;Roth09;Roth93;Roth85;Roth61;Roth47;Roth96;Roth72;RothD;Roth32;RothG;RothJ;RothI;Roth27;Roth22;Roth90;Roth26;Roth41;Roth04;Roth78;Roth67;Roth77;Roth51;Roth80;Roth66;Roth68;Roth76;Roth34;Roth79;Roth01,,2005,2005.0,,2609
49856,Klebsiella pneumoniae,JBELWX000000000,Argentina,KL106,unknown (KL106),O1/O2v2,O2afg,ST258,No,No,No,yagV;yagW;yagX;yagY;yagZ;ykgK;ompA;entA;entB;fepC,astA;iroB;iroC;iroD;iroN;iucA;iucB;iucC;iutA;mchF;peg-344;rmpA;rmpA2;rmpC;rmpD;ybtP;ybtQ;ybtX;ybtS;ybtA;ybtE;ybtT;ybtU;fyuA;irp1;irp2;entE;espX5;fepD;fepG;fliG;fliM;fliN;flgH,arsA;arsB;arsC;arsD;arsR;clpK;fieF;hsp20;merC;pcoA;pcoB;pcoC;pcoD;pcoE;pcoR;pcoS;qacEdelta1;qacL;silA;silB;silC;silE;silF;silP;silR;silS,crcB;hdeD-GI;kefB-GI;merA;merD;merE;merF;merP;merR;merT;ncrA;ncrB;ncrC;ncrY;psi-GI;qacE;shsP;smr;terB;terC;terD;terE;trxLHR;yfdX1;yfdX2,AbiE;AbiU;Mok_Hok_Sok;PD-T4-3;PD-T7-1;PD-T7-1or5;PDC-S04;PDC-S07;PDC-S12;PDC-S13;PDC-S67;PDC-M18;RM_Type_III;RM_Type_IV;Shango;SoFic;VSPR,AbiC;AbiD;AbiH;AbiL;AVAST_II;AVAST_V;Borvo;BREX_I;BstA;Bunzi;CapRel;cas_type-I-E;CBASS_I;CBASS_II;DarTG;DISARM_1;Dnd_ABCDE;Dnd_FGH;Dpd;DRT_1;DRT_2;DRT_3;DRT_4;Druantia_II;Druantia_III;dXTPase;Gabija;GAO_19;Gao_Ape;Hhe;Hachiman_type_I;HEC-01;HEC-04;HEC-05;HEC-06;HEC-08;HEC-09;ietAS;Juk;Kiwa;Lamassu_family;Lit;mads;Menshen;Mokosh_TypeI;Mokosh_TypeII;NLR_like;Olokun;Paris;PD-Lambda-1;PD-T4-4;PD-T4-5;PD-T4-6;PD-T7-2;PD-T7-4;PDC-S02;PDC-S05;PDC-S06;PDC-S08;PDC-S09;PDC-S11;PDC-S15;PDC-S20;PDC-S21;PDC-S25;PDC-S26;PDC-S29;PDC-S31;PDC-S33;PDC-S36;PDC-S39;PDC-S45;PDC-S47;PDC-S60;PDC-S66;PDC_M01;PDC-M03;PDC-M04;PDC-M06;PDC-M09;PDC-M26;PDC-M29;PDC-M38;PDC-M40;PDC-M54;PDC-M62;PDC-M63;PDC-M66;PfiAT;PifA;ppl;PrrC;Pycsar_effector;Radar;Retron_I_A;Retron_I-B;Retron_I_C;Retron_II-A;Retron_III;Retron_III-A;RIoC;RM_Type_I;RM_Type_II;RM_Type_IIG;RosmerTA;Rst_3HP;Rst_TIR-NLR;SanaTA;SEFIR;Septu_type_I;Shedu;ShosTA;tmn;Uzume;Wadjet_I;Zorya_TypeI,Gentamicin;Hygromycin;Kanamycin;Chloramphenicol;Trimethoprim;Beta-lactam;Carbapenem;Cephalosporin;Phenicol;Fosfomycin;Quinolone;Sulfonamide,Amikacin;Tobramycin;Aminoglycoside;Streptomycin;Florfenicol;Rifamycin;Bleomycin;Macrolide;Streptothricin;Tetracycline,Amikacin;Gentamicin;Tobramycin;Amoxicillin;Piperacillin;Piperacillin/Tazobactam;Ceftazidime;Meropenem;Imipenem;Ciprofloxacin;Levofloxacin;Colistin;Ampicillin,,,Roth08;Roth04;Roth78;Roth67;Roth16;Roth17;Roth21;Roth51;Roth80;Roth66;Roth68;Roth76;Roth34;Roth79;Roth01,Roth37;Roth39;Roth49;Roth50;Roth74;Roth75;Roth42;Roth87;Roth24;Roth30;Roth44;Roth71;Roth84;Roth10;Roth83;Roth09;Roth93;Roth85;Roth61;Roth47;Roth96;Roth72;RothD;Roth32;RothG;RothJ;RothI;Roth88;Roth27;Roth22;Roth90;Roth26;Roth41;Roth23;Roth19;Roth20;Roth77,,Roth67;Roth77;Roth16;Roth17;Roth21;Roth51;Roth80;Roth66;Roth68;Roth76;Roth34;Roth79;Roth01,Roth37;Roth39;Roth49;Roth50;Roth08;Roth74;Roth75;Roth42;Roth87;Roth24;Roth30;Roth44;Roth71;Roth84;Roth10;Roth83;Roth09;Roth93;Roth61;Roth47;Roth96;Roth72;RothD;Roth32;RothG;RothJ;RothI;Roth88;Roth27;Roth22;Roth90;Roth26;Roth41;Roth23;Roth19;Roth20;Roth04;Roth78,Roth85,2012,2012.0,Blood culture,49856
CFI_131_KPC2,Klebsiella pneumoniae,JBELWN000000000,,KL106,unknown (KL106),O1/O2v2,O2afg,ST258,Yes,Yes,No,yagV;yagW;yagX;yagY;yagZ;ykgK;ompA;entA;entB;fepC,astA;iroB;iroC;iroD;iroN;iucA;iucB;iucC;iutA;mchF;peg-344;rmpA;rmpA2;rmpC;rmpD;ybtP;ybtQ;ybtX;ybtS;ybtA;ybtE;ybtT;ybtU;fyuA;irp1;irp2;entE;espX5;fepD;fepG;fliG;fliM;fliN;flgH,arsA;arsB;arsC;arsD;arsR;clpK;fieF;hsp20;merC;pcoA;pcoB;pcoC;pcoD;pcoE;pcoR;pcoS;silA;silB;silC;silE;silF;silP;silR;silS,crcB;hdeD-GI;kefB-GI;merA;merD;merE;merF;merP;merR;merT;ncrA;ncrB;ncrC;ncrY;psi-GI;qacE;qacEdelta1;qacL;shsP;smr;terB;terC;terD;terE;trxLHR;yfdX1;yfdX2,AbiE;AbiU;PD-T4-3;PD-T7-1;PD-T7-1or5;PDC-S04;PDC-S07;PDC-S12;PDC-S13;PDC-S15;PDC-M18;RM_Type_I;RM_Type_III;RM_Type_IV;SoFic;VSPR,AbiC;AbiD;AbiH;AbiL;AVAST_II;AVAST_V;Borvo;BREX_I;BstA;Bunzi;CapRel;cas_type-I-E;CBASS_I;CBASS_II;DarTG;DISARM_1;Dnd_ABCDE;Dnd_FGH;Dpd;DRT_1;DRT_2;DRT_3;DRT_4;Druantia_II;Druantia_III;dXTPase;Gabija;GAO_19;Gao_Ape;Hhe;Hachiman_type_I;HEC-01;HEC-04;HEC-05;HEC-06;HEC-08;HEC-09;ietAS;Juk;Kiwa;Lamassu_family;Lit;mads;Menshen;Mok_Hok_Sok;Mokosh_TypeI;Mokosh_TypeII;NLR_like;Olokun;Paris;PD-Lambda-1;PD-T4-4;PD-T4-5;PD-T4-6;PD-T7-2;PD-T7-4;PDC-S02;PDC-S05;PDC-S06;PDC-S08;PDC-S09;PDC-S11;PDC-S20;PDC-S21;PDC-S25;PDC-S26;PDC-S29;PDC-S31;PDC-S33;PDC-S36;PDC-S39;PDC-S45;PDC-S47;PDC-S60;PDC-S66;PDC-S67;PDC_M01;PDC-M03;PDC-M04;PDC-M06;PDC-M09;PDC-M26;PDC-M29;PDC-M38;PDC-M40;PDC-M54;PDC-M62;PDC-M63;PDC-M66;PfiAT;PifA;ppl;PrrC;Pycsar_effector;Radar;Retron_I_A;Retron_I-B;Retron_I_C;Retron_II-A;Retron_III;Retron_III-A;RIoC;RM_Type_II;RM_Type_IIG;RosmerTA;Rst_3HP;Rst_TIR-NLR;SanaTA;SEFIR;Septu_type_I;Shango;Shedu;ShosTA;tmn;Uzume;Wadjet_I;Zorya_TypeI,Amikacin;Tobramycin;Kanamycin;Beta-lactam;Carbapenem;Phenicol;Fosfomycin;Quinolone,Gentamicin;Aminoglycoside;Hygromycin;Streptomycin;Chloramphenicol;Florfenicol;Rifamycin;Trimethoprim;Cephalosporin;Bleomycin;Macrolide;Streptothricin;Sulfonamide;Tetracycline,Amikacin;Gentamicin;Tobramycin;Amoxicillin;Piperacillin;Piperacillin/Tazobactam;Ceftazidime;Meropenem;Imipenem;Ciprofloxacin;Levofloxacin;Ampicillin,,Colistin,Roth04;Roth78;Roth67;Roth77;Roth16;Roth17;Roth21;Roth51;Roth80;Roth66;Roth68;Roth76;Roth79;Roth01,Roth37;Roth39;Roth49;Roth50;Roth08;Roth74;Roth75;Roth42;Roth24;Roth30;Roth44;Roth71;Roth84;Roth10;Roth83;Roth09;Roth93;Roth85;Roth61;Roth47;Roth96;Roth72;RothD;Roth32;RothG;RothJ;RothI;Roth19;Roth20;Roth34,Roth87;Roth88;Roth27;Roth22;Roth90;Roth26;Roth41;Roth23,Roth20;Roth04;Roth78;Roth67;Roth77;Roth16;Roth17;Roth21;Roth51;Roth80;Roth66;Roth68;Roth76;Roth34;Roth79;Roth01,Roth37;Roth39;Roth49;Roth50;Roth08;Roth74;Roth75;Roth42;Roth87;Roth24;Roth30;Roth44;Roth71;Roth84;Roth10;Roth83;Roth09;Roth93;Roth85;Roth61;Roth47;Roth96;Roth72;RothD;Roth32;RothG;RothJ;RothI;Roth88;Roth90;Roth19,Roth27;Roth22;Roth26;Roth41;Roth23,,,,CFI131KPC2
MKP103,Klebsiella pneumoniae,NZ_CP008827.1,,KL107,unknown (KL107),OL13,OL13,ST258,No,No,No,yagV;yagW;yagX;yagY;yagZ;ykgK;ompA;entA;entB;fepC,astA;iroB;iroC;iroD;iroN;iucA;iucB;iucC;iutA;mchF;peg-344;rmpA;rmpA2;rmpC;rmpD;ybtP;ybtQ;ybtX;ybtS;ybtA;ybtE;ybtT;ybtU;fyuA;irp1;irp2;entE;espX5;fepD;fepG;fliG;fliM;fliN;flgH,arsA;arsB;arsC;arsD;arsR;clpK;fieF;hsp20;merC;pcoA;pcoB;pcoC;pcoD;pcoE;pcoR;pcoS;qacEdelta1;silA;silB;silC;silE;silF;silP;silR;silS,crcB;hdeD-GI;kefB-GI;merA;merD;merE;merF;merP;merR;merT;ncrA;ncrB;ncrC;ncrY;psi-GI;qacE;qacL;shsP;smr;terB;terC;terD;terE;trxLHR;yfdX1;yfdX2,AbiE;AbiU;Mok_Hok_Sok;PD-T4-3;PD-T7-1;PD-T7-1or5;PDC-S04;PDC-S07;PDC-S12;PDC-S13;PDC-S15;PDC-M18;RM_Type_I;RM_Type_III;RM_Type_IV;Rst_3HP;Shango;SoFic;VSPR,AbiC;AbiD;AbiH;AbiL;AVAST_II;AVAST_V;Borvo;BREX_I;BstA;Bunzi;CapRel;cas_type-I-E;CBASS_I;CBASS_II;DarTG;DISARM_1;Dnd_ABCDE;Dnd_FGH;Dpd;DRT_1;DRT_2;DRT_3;DRT_4;Druantia_II;Druantia_III;dXTPase;Gabija;GAO_19;Gao_Ape;Hhe;Hachiman_type_I;HEC-01;HEC-04;HEC-05;HEC-06;HEC-08;HEC-09;ietAS;Juk;Kiwa;Lamassu_family;Lit;mads;Menshen;Mokosh_TypeI;Mokosh_TypeII;NLR_like;Olokun;Paris;PD-Lambda-1;PD-T4-4;PD-T4-5;PD-T4-6;PD-T7-2;PD-T7-4;PDC-S02;PDC-S05;PDC-S06;PDC-S08;PDC-S09;PDC-S11;PDC-S20;PDC-S21;PDC-S25;PDC-S26;PDC-S29;PDC-S31;PDC-S33;PDC-S36;PDC-S39;PDC-S45;PDC-S47;PDC-S60;PDC-S66;PDC-S67;PDC_M01;PDC-M03;PDC-M04;PDC-M06;PDC-M09;PDC-M26;PDC-M29;PDC-M38;PDC-M40;PDC-M54;PDC-M62;PDC-M63;PDC-M66;PfiAT;PifA;ppl;PrrC;Pycsar_effector;Radar;Retron_I_A;Retron_I-B;Retron_I_C;Retron_II-A;Retron_III;Retron_III-A;RIoC;RM_Type_II;RM_Type_IIG;RosmerTA;Rst_TIR-NLR;SanaTA;SEFIR;Septu_type_I;Shedu;ShosTA;tmn;Uzume;Wadjet_I;Zorya_TypeI,Amikacin;Tobramycin;Kanamycin;Streptomycin;Chloramphenicol;Trimethoprim;Beta-lactam;Macrolide;Phenicol;Fosfomycin;Quinolone;Sulfonamide,Gentamicin;Aminoglycoside;Hygromycin;Florfenicol;Rifamycin;Carbapenem;Cephalosporin;Bleomycin;Streptothricin;Tetracycline,Amikacin;Tobramycin;Amoxicillin;Piperacillin;Ciprofloxacin;Levofloxacin;Colistin;Ampicillin,,Gentamicin;Piperacillin/Tazobactam;Ceftazidime;Meropenem;Imipenem,,Roth37;Roth39;Roth49;Roth50;Roth08;Roth74;Roth75;Roth42;Roth87;Roth24;Roth30;Roth44;Roth71;Roth84;Roth10;Roth83;Roth09;Roth93;Roth85;Roth61;Roth47;Roth96;Roth72;RothD;Roth32;RothG;RothJ;RothI;Roth88;Roth27;Roth22;Roth90;Roth26;Roth41;Roth23;Roth19;Roth20;Roth04;Roth78;Roth67;Roth77;Roth80;Roth66,Roth16;Roth17;Roth21;Roth51;Roth68;Roth76;Roth34;Roth79;Roth01,,Roth37;Roth39;Roth49;Roth50;Roth08;Roth74;Roth75;Roth42;Roth87;Roth24;Roth30;Roth44;Roth71;Roth84;Roth10;Roth83;Roth09;Roth93;Roth85;Roth61;Roth47;Roth96;Roth72;RothD;Roth32;RothG;RothJ;RothI;Roth88;Roth27;Roth22;Roth90;Roth26;Roth41;Roth23;Roth19;Roth20;Roth04;Roth78;Roth67;Roth77;Roth17;Roth21;Roth80;Roth66;Roth68;Roth76;Roth34;Roth79,Roth16;Roth51;Roth01,,,,MKP103
46704,Klebsiella pneumoniae,JBELWY000000000,Argentina,KL106,unknown (KL106),O1/O2v2,O2afg,ST258,Yes,No,No,yagV;yagW;yagX;yagY;yagZ;ykgK;ompA;entA;entB;fepC,astA;iroB;iroC;iroD;iroN;iucA;iucB;iucC;iutA;mchF;peg-344;rmpA;rmpA2;rmpC;rmpD;ybtP;ybtQ;ybtX;ybtS;ybtA;ybtE;ybtT;ybtU;fyuA;irp1;irp2;entE;espX5;fepD;fepG;fliG;fliM;fliN;flgH,arsA;arsB;arsC;arsD;arsR;clpK;fieF;hsp20;merC;pcoA;pcoB;pcoC;pcoD;pcoE;pcoR;pcoS;qacEdelta1;qacL;silA;silB;silC;silE;silF;silP;silR;silS,crcB;hdeD-GI;kefB-GI;merA;merD;merE;merF;merP;merR;merT;ncrA;ncrB;ncrC;ncrY;psi-GI;qacE;shsP;smr;terB;terC;terD;terE;trxLHR;yfdX1;yfdX2,AbiE;AbiU;Mok_Hok_Sok;PD-T4-3;PD-T7-1;PD-T7-1or5;PDC-S04;PDC-S07;PDC-S12;PDC-S13;PDC-S67;PDC-M18;RM_Type_III;RM_Type_IV;Shango;SoFic;VSPR,AbiC;AbiD;AbiH;AbiL;AVAST_II;AVAST_V;Borvo;BREX_I;BstA;Bunzi;CapRel;cas_type-I-E;CBASS_I;CBASS_II;DarTG;DISARM_1;Dnd_ABCDE;Dnd_FGH;Dpd;DRT_1;DRT_2;DRT_3;DRT_4;Druantia_II;Druantia_III;dXTPase;Gabija;GAO_19;Gao_Ape;Hhe;Hachiman_type_I;HEC-01;HEC-04;HEC-05;HEC-06;HEC-08;HEC-09;ietAS;Juk;Kiwa;Lamassu_family;Lit;mads;Menshen;Mokosh_TypeI;Mokosh_TypeII;NLR_like;Olokun;Paris;PD-Lambda-1;PD-T4-4;PD-T4-5;PD-T4-6;PD-T7-2;PD-T7-4;PDC-S02;PDC-S05;PDC-S06;PDC-S08;PDC-S09;PDC-S11;PDC-S15;PDC-S20;PDC-S21;PDC-S25;PDC-S26;PDC-S29;PDC-S31;PDC-S33;PDC-S36;PDC-S39;PDC-S45;PDC-S47;PDC-S60;PDC-S66;PDC_M01;PDC-M03;PDC-M04;PDC-M06;PDC-M09;PDC-M26;PDC-M29;PDC-M38;PDC-M40;PDC-M54;PDC-M62;PDC-M63;PDC-M66;PfiAT;PifA;ppl;PrrC;Pycsar_effector;Radar;Retron_I_A;Retron_I-B;Retron_I_C;Retron_II-A;Retron_III;Retron_III-A;RIoC;RM_Type_I;RM_Type_II;RM_Type_IIG;RosmerTA;Rst_3HP;Rst_TIR-NLR;SanaTA;SEFIR;Septu_type_I;Shedu;ShosTA;tmn;Uzume;Wadjet_I;Zorya_TypeI,Amikacin;Gentamicin;Tobramycin;Hygromycin;Kanamycin;Streptomycin;Chloramphenicol;Trimethoprim;Beta-lactam;Carbapenem;Macrolide;Phenicol;Fosfomycin;Quinolone;Sulfonamide,Aminoglycoside;Florfenicol;Rifamycin;Cephalosporin;Bleomycin;Streptothricin;Tetracycline,Amikacin;Gentamicin;Tobramycin;Amoxicillin;Piperacillin;Piperacillin/Tazobactam;Ceftazidime;Meropenem;Imipenem;Ciprofloxacin;Levofloxacin;Ampicillin,,Colistin,Roth80,Roth37;Roth39;Roth49;Roth50;Roth08;Roth74;Roth75;Roth42;Roth87;Roth24;Roth30;Roth44;Roth71;Roth84;Roth10;Roth83;Roth09;Roth93;Roth85;Roth61;Roth47;Roth96;Roth72;RothD;Roth32;RothG;RothJ;RothI;Roth88;Roth27;Roth22;Roth90;Roth26;Roth41;Roth23;Roth19;Roth20;Roth04;Roth67;Roth17,Roth78;Roth77;Roth16;Roth21;Roth51;Roth66;Roth68;Roth76;Roth34;Roth79;Roth01,,Roth37;Roth39;Roth49;Roth50;Roth08;Roth74;Roth75;Roth42;Roth87;Roth24;Roth30;Roth44;Roth71;Roth84;Roth10;Roth83;Roth09;Roth93;Roth85;Roth61;Roth47;Roth96;Roth72;RothD;Roth32;RothG;RothJ;RothI;Roth88;Roth27;Roth22;Roth90;Roth26;Roth41;Roth23;Roth19;Roth20;Roth04;Roth16;Roth17,Roth78;Roth67;Roth77;Roth21;Roth51;Roth80;Roth66;Roth68;Roth76;Roth34;Roth79;Roth01,2012,2012.0,Blood culture,46704
45071,Klebsiella pneumoniae,JBELWZ000000000,Argentina,KL106,unknown (KL106),O1/O2v2,O2afg,ST258,No,No,No,yagV;yagW;yagX;yagY;yagZ;ykgK;ompA;entA;entB;fepC,astA;iroB;iroC;iroD;iroN;iucA;iucB;iucC;iutA;mchF;peg-344;rmpA;rmpA2;rmpC;rmpD;ybtP;ybtQ;ybtX;ybtS;ybtA;ybtE;ybtT;ybtU;fyuA;irp1;irp2;entE;espX5;fepD;fepG;fliG;fliM;fliN;flgH,arsA;arsB;arsC;arsD;arsR;clpK;fieF;hsp20;merC;pcoA;pcoB;pcoC;pcoD;pcoE;pcoR;pcoS;qacEdelta1;qacL;silA;silB;silC;silE;silF;silP;silR;silS,crcB;hdeD-GI;kefB-GI;merA;merD;merE;merF;merP;merR;merT;ncrA;ncrB;ncrC;ncrY;psi-GI;qacE;shsP;smr;terB;terC;terD;terE;trxLHR;yfdX1;yfdX2,AbiE;AbiU;Mok_Hok_Sok;PD-T4-3;PD-T7-1;PD-T7-1or5;PDC-S04;PDC-S07;PDC-S12;PDC-S13;PDC-S67;PDC-M18;RM_Type_III;RM_Type_IV;Shango;SoFic;VSPR,AbiC;AbiD;AbiH;AbiL;AVAST_II;AVAST_V;Borvo;BREX_I;BstA;Bunzi;CapRel;cas_type-I-E;CBASS_I;CBASS_II;DarTG;DISARM_1;Dnd_ABCDE;Dnd_FGH;Dpd;DRT_1;DRT_2;DRT_3;DRT_4;Druantia_II;Druantia_III;dXTPase;Gabija;GAO_19;Gao_Ape;Hhe;Hachiman_type_I;HEC-01;HEC-04;HEC-05;HEC-06;HEC-08;HEC-09;ietAS;Juk;Kiwa;Lamassu_family;Lit;mads;Menshen;Mokosh_TypeI;Mokosh_TypeII;NLR_like;Olokun;Paris;PD-Lambda-1;PD-T4-4;PD-T4-5;PD-T4-6;PD-T7-2;PD-T7-4;PDC-S02;PDC-S05;PDC-S06;PDC-S08;PDC-S09;PDC-S11;PDC-S15;PDC-S20;PDC-S21;PDC-S25;PDC-S26;PDC-S29;PDC-S31;PDC-S33;PDC-S36;PDC-S39;PDC-S45;PDC-S47;PDC-S60;PDC-S66;PDC_M01;PDC-M03;PDC-M04;PDC-M06;PDC-M09;PDC-M26;PDC-M29;PDC-M38;PDC-M40;PDC-M54;PDC-M62;PDC-M63;PDC-M66;PfiAT;PifA;ppl;PrrC;Pycsar_effector;Radar;Retron_I_A;Retron_I-B;Retron_I_C;Retron_II-A;Retron_III;Retron_III-A;RIoC;RM_Type_I;RM_Type_II;RM_Type_IIG;RosmerTA;Rst_3HP;Rst_TIR-NLR;SanaTA;SEFIR;Septu_type_I;Shedu;ShosTA;tmn;Uzume;Wadjet_I;Zorya_TypeI,Amikacin;Gentamicin;Tobramycin;Hygromycin;Kanamycin;Streptomycin;Chloramphenicol;Trimethoprim;Beta-lactam;Carbapenem;Macrolide;Phenicol;Fosfomycin;Quinolone;Sulfonamide,Aminoglycoside;Florfenicol;Rifamycin;Cephalosporin;Bleomycin;Streptothricin;Tetracycline,Amikacin;Gentamicin;Tobramycin;Amoxicillin;Piperacillin;Piperacillin/Tazobactam;Ceftazidime;Meropenem;Imipenem;Ciprofloxacin;Levofloxacin;Ampicillin,,Colistin,Roth16;Roth17;Roth21;Roth76;Roth01,Roth37;Roth39;Roth49;Roth50;Roth08;Roth74;Roth75;Roth42;Roth87;Roth24;Roth30;Roth44;Roth71;Roth84;Roth10;Roth83;Roth09;Roth93;Roth85;Roth61;Roth47;Roth96;Roth72;RothD;Roth32;RothG;RothJ;RothI;Roth88;Roth27;Roth22;Roth90;Roth26;Roth41;Roth23;Roth19;Roth20;Roth04;Roth78;Roth67;Roth77;Roth51;Roth80;Roth66;Roth68;Roth34;Roth79,,Roth16;Roth17;Roth21;Roth51;Roth80;Roth66;Roth68;Roth79;Roth01,Roth37;Roth39;Roth49;Roth50;Roth08;Roth74;Roth75;Roth42;Roth87;Roth24;Roth30;Roth44;Roth71;Roth84;Roth10;Roth83;Roth09;Roth93;Roth85;Roth61;Roth47;Roth96;Roth72;RothD;Roth32;RothG;RothJ;RothI;Roth88;Roth27;Roth22;Roth90;Roth26;Roth41;Roth23;Roth19;Roth20;Roth04;Roth78;Roth67;Roth77;Roth76;Roth34,,2012,2012.0,Blood culture,45071
NCTC_13438,Klebsiella pneumoniae,NA,,KL107,unknown (KL107),O1/O2v2,O2afg,ST258,Yes,Yes,No,yagV;yagW;yagX;yagY;yagZ;ykgK;ompA;entA;entB;fepC,astA;iroB;iroC;iroD;iroN;iucA;iucB;iucC;iutA;mchF;peg-344;rmpA;rmpA2;rmpC;rmpD;ybtP;ybtQ;ybtX;ybtS;ybtA;ybtE;ybtT;ybtU;fyuA;irp1;irp2;entE;espX5;fepD;fepG;fliG;fliM;fliN;flgH,arsA;arsB;arsC;arsD;arsR;clpK;fieF;hsp20;merC;pcoA;pcoB;pcoC;pcoD;pcoE;pcoR;pcoS;qacEdelta1;silA;silB;silC;silE;silF;silP;silR;silS,crcB;hdeD-GI;kefB-GI;merA;merD;merE;merF;merP;merR;merT;ncrA;ncrB;ncrC;ncrY;psi-GI;qacE;qacL;shsP;smr;terB;terC;terD;terE;trxLHR;yfdX1;yfdX2,AbiE;AbiU;PD-T4-3;PD-T7-1;PD-T7-1or5;PDC-S04;PDC-S07;PDC-S12;PDC-S13;PDC-S15;PDC-M18;RM_Type_I;RM_Type_III;RM_Type_IV;Rst_3HP;Shango;SoFic;VSPR,AbiC;AbiD;AbiH;AbiL;AVAST_II;AVAST_V;Borvo;BREX_I;BstA;Bunzi;CapRel;cas_type-I-E;CBASS_I;CBASS_II;DarTG;DISARM_1;Dnd_ABCDE;Dnd_FGH;Dpd;DRT_1;DRT_2;DRT_3;DRT_4;Druantia_II;Druantia_III;dXTPase;Gabija;GAO_19;Gao_Ape;Hhe;Hachiman_type_I;HEC-01;HEC-04;HEC-05;HEC-06;HEC-08;HEC-09;ietAS;Juk;Kiwa;Lamassu_family;Lit;mads;Menshen;Mok_Hok_Sok;Mokosh_TypeI;Mokosh_TypeII;NLR_like;Olokun;Paris;PD-Lambda-1;PD-T4-4;PD-T4-5;PD-T4-6;PD-T7-2;PD-T7-4;PDC-S02;PDC-S05;PDC-S06;PDC-S08;PDC-S09;PDC-S11;PDC-S20;PDC-S21;PDC-S25;PDC-S26;PDC-S29;PDC-S31;PDC-S33;PDC-S36;PDC-S39;PDC-S45;PDC-S47;PDC-S60;PDC-S66;PDC-S67;PDC_M01;PDC-M03;PDC-M04;PDC-M06;PDC-M09;PDC-M26;PDC-M29;PDC-M38;PDC-M40;PDC-M54;PDC-M62;PDC-M63;PDC-M66;PfiAT;PifA;ppl;PrrC;Pycsar_effector;Radar;Retron_I_A;Retron_I-B;Retron_I_C;Retron_II-A;Retron_III;Retron_III-A;RIoC;RM_Type_II;RM_Type_IIG;RosmerTA;Rst_TIR-NLR;SanaTA;SEFIR;Septu_type_I;Shedu;ShosTA;tmn;Uzume;Wadjet_I;Zorya_TypeI,Kanamycin;Chloramphenicol;Trimethoprim;Beta-lactam;Carbapenem;Macrolide;Phenicol;Fosfomycin;Quinolone,Amikacin;Gentamicin;Tobramycin;Aminoglycoside;Hygromycin;Streptomycin;Florfenicol;Rifamycin;Cephalosporin;Bleomycin;Streptothricin;Sulfonamide;Tetracycline,Amikacin;Tobramycin;Amoxicillin;Piperacillin;Piperacillin/Tazobactam;Ceftazidime;Meropenem;Imipenem;Ciprofloxacin;Levofloxacin;Ampicillin,Gentamicin,Colistin,Roth20;Roth04;Roth78;Roth67;Roth77;Roth16;Roth17;Roth21;Roth80;Roth66;Roth68;Roth76;Roth34;Roth79;Roth01,Roth37;Roth39;Roth49;Roth50;Roth08;Roth74;Roth75;Roth42;Roth87;Roth24;Roth30;Roth44;Roth71;Roth84;Roth10;Roth83;Roth09;Roth93;Roth85;Roth61;Roth47;Roth96;Roth72;RothD;Roth32;RothG;RothJ;RothI;Roth90;Roth19;Roth51,Roth88;Roth27;Roth22;Roth26;Roth41;Roth23,Roth19;Roth20;Roth78;Roth67;Roth77;Roth16;Roth17;Roth21;Roth51;Roth80;Roth66;Roth68;Roth76;Roth34;Roth79;Roth01,Roth37;Roth39;Roth49;Roth50;Roth08;Roth75;Roth42;Roth87;Roth24;Roth30;Roth44;Roth71;Roth84;Roth83;Roth09;Roth93;Roth61;Roth47;Roth96;Roth72;RothD;Roth32;RothG;RothJ;RothI;Roth27;Roth90;Roth26;Roth41;Roth04,Roth74;Roth10;Roth85;Roth88;Roth22;Roth23,,,,NCTC13438
CFI_141_KPC3,Klebsiella pneumoniae,JBELWL000000000,,KL107,unknown (KL107),O1/O2v2,O2afg,ST258,Yes,No,No,yagV;yagW;yagX;yagY;yagZ;ykgK;ompA;entA;entB;fepC,astA;iroB;iroC;iroD;iroN;iucA;iucB;iucC;iutA;mchF;peg-344;rmpA;rmpA2;rmpC;rmpD;ybtP;ybtQ;ybtX;ybtS;ybtA;ybtE;ybtT;ybtU;fyuA;irp1;irp2;entE;espX5;fepD;fepG;fliG;fliM;fliN;flgH,arsA;arsB;arsC;arsD;arsR;clpK;fieF;hsp20;pcoA;pcoB;pcoC;pcoD;pcoE;pcoR;pcoS;qacEdelta1;silA;silB;silC;silE;silF;silP;silR;silS,crcB;hdeD-GI;kefB-GI;merA;merC;merD;merE;merF;merP;merR;merT;ncrA;ncrB;ncrC;ncrY;psi-GI;qacE;qacL;shsP;smr;terB;terC;terD;terE;trxLHR;yfdX1;yfdX2,AbiE;AbiU;Mok_Hok_Sok;PD-T4-3;PD-T7-1;PD-T7-1or5;PDC-S04;PDC-S07;PDC-S12;PDC-S13;PDC-S15;PDC-M18;RM_Type_III;RM_Type_IV;Rst_3HP;SoFic;VSPR,AbiC;AbiD;AbiH;AbiL;AVAST_II;AVAST_V;Borvo;BREX_I;BstA;Bunzi;CapRel;cas_type-I-E;CBASS_I;CBASS_II;DarTG;DISARM_1;Dnd_ABCDE;Dnd_FGH;Dpd;DRT_1;DRT_2;DRT_3;DRT_4;Druantia_II;Druantia_III;dXTPase;Gabija;GAO_19;Gao_Ape;Hhe;Hachiman_type_I;HEC-01;HEC-04;HEC-05;HEC-06;HEC-08;HEC-09;ietAS;Juk;Kiwa;Lamassu_family;Lit;mads;Menshen;Mokosh_TypeI;Mokosh_TypeII;NLR_like;Olokun;Paris;PD-Lambda-1;PD-T4-4;PD-T4-5;PD-T4-6;PD-T7-2;PD-T7-4;PDC-S02;PDC-S05;PDC-S06;PDC-S08;PDC-S09;PDC-S11;PDC-S20;PDC-S21;PDC-S25;PDC-S26;PDC-S29;PDC-S31;PDC-S33;PDC-S36;PDC-S39;PDC-S45;PDC-S47;PDC-S60;PDC-S66;PDC-S67;PDC_M01;PDC-M03;PDC-M04;PDC-M06;PDC-M09;PDC-M26;PDC-M29;PDC-M38;PDC-M40;PDC-M54;PDC-M62;PDC-M63;PDC-M66;PfiAT;PifA;ppl;PrrC;Pycsar_effector;Radar;Retron_I_A;Retron_I-B;Retron_I_C;Retron_II-A;Retron_III;Retron_III-A;RIoC;RM_Type_I;RM_Type_II;RM_Type_IIG;RosmerTA;Rst_TIR-NLR;SanaTA;SEFIR;Septu_type_I;Shango;Shedu;ShosTA;tmn;Uzume;Wadjet_I;Zorya_TypeI,Amikacin;Tobramycin;Kanamycin;Streptomycin;Trimethoprim;Beta-lactam;Carbapenem;Macrolide;Phenicol;Fosfomycin;Quinolone;Sulfonamide,Gentamicin;Aminoglycoside;Hygromycin;Chloramphenicol;Florfenicol;Rifamycin;Cephalosporin;Bleomycin;Streptothricin;Tetracycline,Amikacin;Gentamicin;Tobramycin;Amoxicillin;Piperacillin;Piperacillin/Tazobactam;Ceftazidime;Meropenem;Imipenem;Ciprofloxacin;Levofloxacin;Ampicillin,,Colistin,,Roth37;Roth39;Roth49;Roth50;Roth08;Roth74;Roth75;Roth42;Roth87;Roth24;Roth30;Roth44;Roth71;Roth84;Roth10;Roth83;Roth09;Roth93;Roth85;Roth61;Roth47;Roth96;Roth72;RothD;Roth32;RothG;RothJ;RothI;Roth88;Roth27;Roth22;Roth90;Roth26;Roth41;Roth23;Roth19;Roth20;Roth04;Roth78;Roth67;Roth77;Roth16;Roth17;Roth21;Roth51;Roth80;Roth66;Roth68;Roth76;Roth34;Roth79;Roth01,,,Roth37;Roth39;Roth49;Roth50;Roth08;Roth74;Roth75;Roth42;Roth87;Roth24;Roth30;Roth44;Roth71;Roth84;Roth10;Roth83;Roth09;Roth93;Roth85;Roth61;Roth47;Roth96;Roth72;RothD;Roth32;RothG;RothJ;RothI;Roth88;Roth27;Roth22;Roth90;Roth26;Roth41;Roth23;Roth19;Roth20;Roth04;Roth78;Roth67;Roth77;Roth16;Roth17;Roth21;Roth51;Roth80;Roth68;Roth76;Roth34;Roth79;Roth01,Roth66,,,,CFI141KPC3
51851,Klebsiella pneumoniae,CP159506,Argentina,KL106,Capsule null,O1/O2v2,O2afg,ST258,Yes,Yes,No,yagV;yagW;yagX;yagY;yagZ;ykgK;ompA;entA;entB;fepC,astA;iroB;iroC;iroD;iroN;iucA;iucB;iucC;iutA;mchF;peg-344;rmpA;rmpA2;rmpC;rmpD;ybtP;ybtQ;ybtX;ybtS;ybtA;ybtE;ybtT;ybtU;fyuA;irp1;irp2;entE;espX5;fepD;fepG;fliG;fliM;fliN;flgH,arsA;arsB;arsC;arsD;arsR;clpK;fieF;hsp20;merC;pcoA;pcoB;pcoC;pcoD;pcoE;pcoR;pcoS;qacEdelta1;qacL;silA;silB;silC;silE;silF;silP;silR;silS,crcB;hdeD-GI;kefB-GI;merA;merD;merE;merF;merP;merR;merT;ncrA;ncrB;ncrC;ncrY;psi-GI;qacE;shsP;smr;terB;terC;terD;terE;trxLHR;yfdX1;yfdX2,AbiE;AbiU;Mok_Hok_Sok;PD-T4-3;PD-T7-1;PD-T7-1or5;PDC-S04;PDC-S07;PDC-S12;PDC-S13;PDC-S67;PDC-M18;RM_Type_III;RM_Type_IV;Shango;SoFic;VSPR,AbiC;AbiD;AbiH;AbiL;AVAST_II;AVAST_V;Borvo;BREX_I;BstA;Bunzi;CapRel;cas_type-I-E;CBASS_I;CBASS_II;DarTG;DISARM_1;Dnd_ABCDE;Dnd_FGH;Dpd;DRT_1;DRT_2;DRT_3;DRT_4;Druantia_II;Druantia_III;dXTPase;Gabija;GAO_19;Gao_Ape;Hhe;Hachiman_type_I;HEC-01;HEC-04;HEC-05;HEC-06;HEC-08;HEC-09;ietAS;Juk;Kiwa;Lamassu_family;Lit;mads;Menshen;Mokosh_TypeI;Mokosh_TypeII;NLR_like;Olokun;Paris;PD-Lambda-1;PD-T4-4;PD-T4-5;PD-T4-6;PD-T7-2;PD-T7-4;PDC-S02;PDC-S05;PDC-S06;PDC-S08;PDC-S09;PDC-S11;PDC-S15;PDC-S20;PDC-S21;PDC-S25;PDC-S26;PDC-S29;PDC-S31;PDC-S33;PDC-S36;PDC-S39;PDC-S45;PDC-S47;PDC-S60;PDC-S66;PDC_M01;PDC-M03;PDC-M04;PDC-M06;PDC-M09;PDC-M26;PDC-M29;PDC-M38;PDC-M40;PDC-M54;PDC-M62;PDC-M63;PDC-M66;PfiAT;PifA;ppl;PrrC;Pycsar_effector;Radar;Retron_I_A;Retron_I-B;Retron_I_C;Retron_II-A;Retron_III;Retron_III-A;RIoC;RM_Type_I;RM_Type_II;RM_Type_IIG;RosmerTA;Rst_3HP;Rst_TIR-NLR;SanaTA;SEFIR;Septu_type_I;Shedu;ShosTA;tmn;Uzume;Wadjet_I;Zorya_TypeI,Amikacin;Gentamicin;Tobramycin;Hygromycin;Kanamycin;Streptomycin;Chloramphenicol;Trimethoprim;Beta-lactam;Carbapenem;Cephalosporin;Phenicol;Fosfomycin;Quinolone,Aminoglycoside;Florfenicol;Rifamycin;Bleomycin;Macrolide;Streptothricin;Sulfonamide;Tetracycline,Amikacin;Gentamicin;Tobramycin;Amoxicillin;Piperacillin;Piperacillin/Tazobactam;Ceftazidime;Meropenem;Imipenem;Ciprofloxacin;Levofloxacin;Colistin;Ampicillin,,,Roth37;Roth39;Roth49;Roth50;Roth08;Roth74;Roth75;Roth42;Roth87;Roth24;Roth30;Roth44;Roth71;Roth84;Roth10;Roth83;Roth09;Roth93;Roth85;Roth61;Roth47;Roth96;Roth72;Roth20;Roth04;Roth78;Roth67;Roth77;Roth16;Roth17;Roth21;Roth51;Roth80;Roth66;Roth68;Roth76;Roth34;Roth79;Roth01,RothD;Roth32;RothG;RothJ;RothI;Roth90;Roth19,Roth88;Roth27;Roth22;Roth26;Roth41;Roth23,Roth37;Roth39;Roth49;Roth50;Roth08;Roth74;Roth75;Roth42;Roth87;Roth24;Roth30;Roth44;Roth71;Roth84;Roth10;Roth83;Roth09;Roth93;Roth85;Roth61;Roth47;Roth96;Roth72;Roth20;Roth04;Roth78;Roth67;Roth77;Roth16;Roth17;Roth21;Roth51;Roth80;Roth66;Roth68;Roth76;Roth34;Roth79;Roth01,RothD;Roth32;RothG;RothJ;RothI;Roth88;Roth90;Roth41;Roth19,Roth27;Roth22;Roth26;Roth23,2012,2012.0,Blood culture,51851
KLEB9,Klebsiella pneumoniae,JBJHZF000000000,United Kingdom,KL28,K28,O1/O2v1,O2a,ST661,No,No,No,yagV;yagW;yagX;yagY;yagZ;ykgK;ompA;entA;entB;fepC,astA;iroB;iroC;iroD;iroN;iucA;iucB;iucC;iutA;mchF;peg-344;rmpA;rmpA2;rmpC;rmpD;ybtP;ybtQ;ybtX;ybtS;ybtA;ybtE;ybtT;ybtU;fyuA;irp1;irp2;entE;espX5;fepD;fepG;fliG;fliM;fliN;flgH,fieF,arsA;arsB;arsC;arsD;arsR;clpK;crcB;hdeD-GI;hsp20;kefB-GI;merA;merC;merD;merE;merF;merP;merR;merT;ncrA;ncrB;ncrC;ncrY;pcoA;pcoB;pcoC;pcoD;pcoE;pcoR;pcoS;psi-GI;qacE;qacEdelta1;qacL;shsP;silA;silB;silC;silE;silF;silP;silR;silS;smr;terB;terC;terD;terE;trxLHR;yfdX1;yfdX2,AbiE;Druantia_III;Lamassu_family;PD-T4-3;PDC-S02;PDC-S04;PDC-S07;PDC-S12;PDC-S39;RM_Type_I;RM_Type_IV;VSPR,AbiC;AbiD;AbiH;AbiL;AbiU;AVAST_II;AVAST_V;Borvo;BREX_I;BstA;Bunzi;CapRel;cas_type-I-E;CBASS_I;CBASS_II;DarTG;DISARM_1;Dnd_ABCDE;Dnd_FGH;Dpd;DRT_1;DRT_2;DRT_3;DRT_4;Druantia_II;dXTPase;Gabija;GAO_19;Gao_Ape;Hhe;Hachiman_type_I;HEC-01;HEC-04;HEC-05;HEC-06;HEC-08;HEC-09;ietAS;Juk;Kiwa;Lit;mads;Menshen;Mok_Hok_Sok;Mokosh_TypeI;Mokosh_TypeII;NLR_like;Olokun;Paris;PD-Lambda-1;PD-T4-4;PD-T4-5;PD-T4-6;PD-T7-1;PD-T7-2;PD-T7-4;PD-T7-1or5;PDC-S05;PDC-S06;PDC-S08;PDC-S09;PDC-S11;PDC-S13;PDC-S15;PDC-S20;PDC-S21;PDC-S25;PDC-S26;PDC-S29;PDC-S31;PDC-S33;PDC-S36;PDC-S45;PDC-S47;PDC-S60;PDC-S66;PDC-S67;PDC_M01;PDC-M03;PDC-M04;PDC-M06;PDC-M09;PDC-M18;PDC-M26;PDC-M29;PDC-M38;PDC-M40;PDC-M54;PDC-M62;PDC-M63;PDC-M66;PfiAT;PifA;ppl;PrrC;Pycsar_effector;Radar;Retron_I_A;Retron_I-B;Retron_I_C;Retron_II-A;Retron_III;Retron_III-A;RIoC;RM_Type_II;RM_Type_IIG;RM_Type_III;RosmerTA;Rst_3HP;Rst_TIR-NLR;SanaTA;SEFIR;Septu_type_I;Shango;Shedu;ShosTA;SoFic;tmn;Uzume;Wadjet_I;Zorya_TypeI,Cephalosporin;Phenicol;Fosfomycin;Quinolone,Amikacin;Gentamicin;Tobramycin;Aminoglycoside;Hygromycin;Kanamycin;Streptomycin;Chloramphenicol;Florfenicol;Rifamycin;Trimethoprim;Beta-lactam;Carbapenem;Bleomycin;Macrolide;Streptothricin;Sulfonamide;Tetracycline,Amoxicillin;Piperacillin;Ampicillin,,Amikacin;Gentamicin;Tobramycin;Piperacillin/Tazobactam;Ceftazidime;Meropenem;Imipenem;Ciprofloxacin;Levofloxacin;Colistin,,Roth37;Roth39;Roth49;Roth50;Roth08;Roth74;Roth75;Roth42;Roth87;Roth24;Roth30;Roth44;Roth71;Roth84;Roth10;Roth83;Roth09;Roth93;Roth85;Roth61;Roth47;Roth96;Roth72;RothD;Roth32;RothG;RothJ;RothI;Roth88;Roth27;Roth22;Roth90;Roth26;Roth41;Roth23;Roth19;Roth20;Roth04;Roth78;Roth67;Roth77;Roth16;Roth17;Roth21;Roth51;Roth80;Roth66;Roth68;Roth76;Roth34;Roth79;Roth01,,,Roth37;Roth39;Roth49;Roth50;Roth08;Roth74;Roth75;Roth42;Roth87;Roth24;Roth30;Roth44;Roth71;Roth84;Roth10;Roth83;Roth09;Roth93;Roth85;Roth61;Roth47;Roth96;Roth72;RothD;Roth32;RothG;RothJ;RothI;Roth88;Roth27;Roth22;Roth90;Roth26;Roth41;Roth23;Roth19;Roth20;Roth04;Roth78;Roth67;Roth77;Roth16;Roth17;Roth21;Roth51;Roth80;Roth66;Roth68;Roth76;Roth34;Roth79;Roth01,,,,,KLEB9
L0549,Klebsiella pneumoniae,SAMN30837124,The Netherlands,KL110,unknown (KL110),O3b,O3b,ST353,No,No,No,ybtP;ybtQ;ybtX;ybtS;ybtA;ybtE;ybtT;ybtU;yagV;yagW;yagX;yagY;yagZ;ykgK;ompA;fyuA;irp1;irp2;entA;entB;fepC;fepG,astA;iroB;iroC;iroD;iroN;iucA;iucB;iucC;iutA;mchF;peg-344;rmpA;rmpA2;rmpC;rmpD;entE;espX5;fepD;fliG;fliM;fliN;flgH,fieF;qacEdelta1;terB;terC;terD;terE,arsA;arsB;arsC;arsD;arsR;clpK;crcB;hdeD-GI;hsp20;kefB-GI;merA;merC;merD;merE;merF;merP;merR;merT;ncrA;ncrB;ncrC;ncrY;pcoA;pcoB;pcoC;pcoD;pcoE;pcoR;pcoS;psi-GI;qacE;qacL;shsP;silA;silB;silC;silE;silF;silP;silR;silS;smr;trxLHR;yfdX1;yfdX2,AbiE;DarTG;mads;PD-T4-3;PD-T7-1;PD-T7-1or5;PDC-S02;PDC-S04;PDC-S07;PDC-S12;PDC-M62;RM_Type_II;RM_Type_IV;Rst_TIR-NLR;SoFic;VSPR,AbiC;AbiD;AbiH;AbiL;AbiU;AVAST_II;AVAST_V;Borvo;BREX_I;BstA;Bunzi;CapRel;cas_type-I-E;CBASS_I;CBASS_II;DISARM_1;Dnd_ABCDE;Dnd_FGH;Dpd;DRT_1;DRT_2;DRT_3;DRT_4;Druantia_II;Druantia_III;dXTPase;Gabija;GAO_19;Gao_Ape;Hhe;Hachiman_type_I;HEC-01;HEC-04;HEC-05;HEC-06;HEC-08;HEC-09;ietAS;Juk;Kiwa;Lamassu_family;Lit;Menshen;Mok_Hok_Sok;Mokosh_TypeI;Mokosh_TypeII;NLR_like;Olokun;Paris;PD-Lambda-1;PD-T4-4;PD-T4-5;PD-T4-6;PD-T7-2;PD-T7-4;PDC-S05;PDC-S06;PDC-S08;PDC-S09;PDC-S11;PDC-S13;PDC-S15;PDC-S20;PDC-S21;PDC-S25;PDC-S26;PDC-S29;PDC-S31;PDC-S33;PDC-S36;PDC-S39;PDC-S45;PDC-S47;PDC-S60;PDC-S66;PDC-S67;PDC_M01;PDC-M03;PDC-M04;PDC-M06;PDC-M09;PDC-M18;PDC-M26;PDC-M29;PDC-M38;PDC-M40;PDC-M54;PDC-M63;PDC-M66;PfiAT;PifA;ppl;PrrC;Pycsar_effector;Radar;Retron_I_A;Retron_I-B;Retron_I_C;Retron_II-A;Retron_III;Retron_III-A;RIoC;RM_Type_I;RM_Type_IIG;RM_Type_III;RosmerTA;Rst_3HP;SanaTA;SEFIR;Septu_type_I;Shango;Shedu;ShosTA;tmn;Uzume;Wadjet_I;Zorya_TypeI,Kanamycin;Streptomycin;Trimethoprim;Beta-lactam;Cephalosporin;Macrolide;Phenicol;Fosfomycin;Quinolone;Sulfonamide,Amikacin;Gentamicin;Tobramycin;Aminoglycoside;Hygromycin;Chloramphenicol;Florfenicol;Rifamycin;Carbapenem;Bleomycin;Streptothricin;Tetracycline,Amoxicillin;Piperacillin;Piperacillin/Tazobactam;Ceftazidime;Ampicillin,Ciprofloxacin,Amikacin;Gentamicin;Tobramycin;Meropenem;Imipenem;Levofloxacin;Colistin,,Roth37;Roth39;Roth49;Roth50;Roth08;Roth74;Roth75;Roth42;Roth87;Roth24;Roth30;Roth44;Roth71;Roth84;Roth10;Roth83;Roth09;Roth93;Roth85;Roth61;Roth47;Roth96;Roth72;RothD;Roth32;RothG;RothJ;RothI;Roth88;Roth27;Roth22;Roth90;Roth26;Roth41;Roth23;Roth19;Roth20;Roth04;Roth78;Roth67;Roth77;Roth16;Roth17;Roth21;Roth51;Roth80;Roth66;Roth68;Roth76;Roth34;Roth79;Roth01,,,Roth37;Roth39;Roth49;Roth50;Roth08;Roth74;Roth75;Roth42;Roth87;Roth24;Roth30;Roth44;Roth71;Roth84;Roth10;Roth83;Roth09;Roth93;Roth85;Roth61;Roth47;Roth96;Roth72;RothD;Roth32;RothG;RothJ;RothI;Roth22;Roth90;Roth19;Roth20;Roth04;Roth78;Roth67;Roth77;Roth16;Roth17;Roth21;Roth51;Roth80;Roth76;Roth34;Roth79;Roth01,Roth88;Roth27;Roth26;Roth41;Roth23;Roth66;Roth68,2018-01-29,2018.0,Blood culture,L0549
L0506,Klebsiella pneumoniae,SAMN30837133,The Netherlands,KL3,K3,O1/O2v2,O2afg,ST896,No,No,No,ybtP;ybtQ;ybtX;ybtS;ybtA;ybtE;ybtT;ybtU;yagV;yagW;yagX;yagY;yagZ;ykgK;ompA;fyuA;irp1;irp2;entA;entB;fepC,astA;iroB;iroC;iroD;iroN;iucA;iucB;iucC;iutA;mchF;peg-344;rmpA;rmpA2;rmpC;rmpD;entE;espX5;fepD;fepG;fliG;fliM;fliN;flgH,arsA;arsB;arsC;arsD;arsR;clpK;fieF;hsp20;pcoA;pcoB;pcoC;pcoD;pcoE;pcoR;pcoS;silA;silB;silC;silE;silF;silP;silR;silS,crcB;hdeD-GI;kefB-GI;merA;merC;merD;merE;merF;merP;merR;merT;ncrA;ncrB;ncrC;ncrY;psi-GI;qacE;qacEdelta1;qacL;shsP;smr;terB;terC;terD;terE;trxLHR;yfdX1;yfdX2,AbiE;NLR_like;PD-T4-3;PDC-S04;PDC-S07;PDC-S12;PDC-S13;PrrC;Retron_I-B;RM_Type_IV;Rst_TIR-NLR;Shango;SoFic;VSPR,AbiC;AbiD;AbiH;AbiL;AbiU;AVAST_II;AVAST_V;Borvo;BREX_I;BstA;Bunzi;CapRel;cas_type-I-E;CBASS_I;CBASS_II;DarTG;DISARM_1;Dnd_ABCDE;Dnd_FGH;Dpd;DRT_1;DRT_2;DRT_3;DRT_4;Druantia_II;Druantia_III;dXTPase;Gabija;GAO_19;Gao_Ape;Hhe;Hachiman_type_I;HEC-01;HEC-04;HEC-05;HEC-06;HEC-08;HEC-09;ietAS;Juk;Kiwa;Lamassu_family;Lit;mads;Menshen;Mok_Hok_Sok;Mokosh_TypeI;Mokosh_TypeII;Olokun;Paris;PD-Lambda-1;PD-T4-4;PD-T4-5;PD-T4-6;PD-T7-1;PD-T7-2;PD-T7-4;PD-T7-1or5;PDC-S02;PDC-S05;PDC-S06;PDC-S08;PDC-S09;PDC-S11;PDC-S15;PDC-S20;PDC-S21;PDC-S25;PDC-S26;PDC-S29;PDC-S31;PDC-S33;PDC-S36;PDC-S39;PDC-S45;PDC-S47;PDC-S60;PDC-S66;PDC-S67;PDC_M01;PDC-M03;PDC-M04;PDC-M06;PDC-M09;PDC-M18;PDC-M26;PDC-M29;PDC-M38;PDC-M40;PDC-M54;PDC-M62;PDC-M63;PDC-M66;PfiAT;PifA;ppl;Pycsar_effector;Radar;Retron_I_A;Retron_I_C;Retron_II-A;Retron_III;Retron_III-A;RIoC;RM_Type_I;RM_Type_II;RM_Type_IIG;RM_Type_III;RosmerTA;Rst_3HP;SanaTA;SEFIR;Septu_type_I;Shedu;ShosTA;tmn;Uzume;Wadjet_I;Zorya_TypeI,Beta-lactam;Phenicol;Fosfomycin;Quinolone;Tetracycline,Amikacin;Gentamicin;Tobramycin;Aminoglycoside;Hygromycin;Kanamycin;Streptomycin;Chloramphenicol;Florfenicol;Rifamycin;Trimethoprim;Carbapenem;Cephalosporin;Bleomycin;Macrolide;Streptothricin;Sulfonamide,Amoxicillin;Piperacillin;Ampicillin,,Amikacin;Gentamicin;Tobramycin;Piperacillin/Tazobactam;Ceftazidime;Meropenem;Imipenem;Ciprofloxacin;Levofloxacin;Colistin,Roth08;Roth74;Roth75;Roth42;Roth87;Roth24;Roth30;Roth71;Roth84;Roth10;Roth83;Roth09;Roth93;Roth85;Roth61;Roth47;Roth96;Roth72,Roth37;Roth39;Roth49;Roth50;Roth44;RothD;Roth32;RothG;RothJ;RothI;Roth22;Roth90;Roth19;Roth20;Roth04;Roth78;Roth67;Roth77;Roth16;Roth17;Roth21;Roth51;Roth80;Roth66;Roth68;Roth76;Roth34;Roth79;Roth01,Roth88;Roth27;Roth26;Roth41;Roth23,Roth08;Roth74;Roth75;Roth42;Roth87;Roth24;Roth30;Roth71;Roth84;Roth10;Roth83;Roth09;Roth93;Roth85;Roth61;Roth47;Roth96;Roth72,Roth37;Roth39;Roth49;Roth50;Roth44;RothD;Roth32;RothG;RothJ;RothI;Roth88;Roth90;Roth19;Roth20;Roth04;Roth78;Roth67;Roth77;Roth16;Roth17;Roth21;Roth51;Roth80;Roth66;Roth68;Roth76;Roth34;Roth79;Roth01,Roth27;Roth22;Roth26;Roth41;Roth23,2018-01-26,2018.0,Blood culture,L0506
KLEB6,Klebsiella pneumoniae,JBJHZH000000000,United Kingdom,KL12,K12,OL103,unknown (OL103),ST37,No,No,No,yagV;yagW;yagX;yagY;yagZ;ykgK;ompA;entA;entB;fepC,astA;iroB;iroC;iroD;iroN;iucA;iucB;iucC;iutA;mchF;peg-344;rmpA;rmpA2;rmpC;rmpD;ybtP;ybtQ;ybtX;ybtS;ybtA;ybtE;ybtT;ybtU;fyuA;irp1;irp2;entE;espX5;fepD;fepG;fliG;fliM;fliN;flgH,arsA;arsB;arsC;arsD;arsR;clpK;fieF;hsp20;pcoA;pcoB;pcoC;pcoD;pcoE;pcoR;pcoS;silA;silB;silC;silE;silF;silP;silR;silS,crcB;hdeD-GI;kefB-GI;merA;merC;merD;merE;merF;merP;merR;merT;ncrA;ncrB;ncrC;ncrY;psi-GI;qacE;qacEdelta1;qacL;shsP;smr;terB;terC;terD;terE;trxLHR;yfdX1;yfdX2,AbiE;AbiH;Mok_Hok_Sok;PD-T4-3;PDC-S02;PDC-S04;PDC-S07;PDC-S12;PDC-M66;PrrC;RM_Type_I;RM_Type_II;RM_Type_IV;Rst_TIR-NLR;SoFic;VSPR,AbiC;AbiD;AbiL;AbiU;AVAST_II;AVAST_V;Borvo;BREX_I;BstA;Bunzi;CapRel;cas_type-I-E;CBASS_I;CBASS_II;DarTG;DISARM_1;Dnd_ABCDE;Dnd_FGH;Dpd;DRT_1;DRT_2;DRT_3;DRT_4;Druantia_II;Druantia_III;dXTPase;Gabija;GAO_19;Gao_Ape;Hhe;Hachiman_type_I;HEC-01;HEC-04;HEC-05;HEC-06;HEC-08;HEC-09;ietAS;Juk;Kiwa;Lamassu_family;Lit;mads;Menshen;Mokosh_TypeI;Mokosh_TypeII;NLR_like;Olokun;Paris;PD-Lambda-1;PD-T4-4;PD-T4-5;PD-T4-6;PD-T7-1;PD-T7-2;PD-T7-4;PD-T7-1or5;PDC-S05;PDC-S06;PDC-S08;PDC-S09;PDC-S11;PDC-S13;PDC-S15;PDC-S20;PDC-S21;PDC-S25;PDC-S26;PDC-S29;PDC-S31;PDC-S33;PDC-S36;PDC-S39;PDC-S45;PDC-S47;PDC-S60;PDC-S66;PDC-S67;PDC_M01;PDC-M03;PDC-M04;PDC-M06;PDC-M09;PDC-M18;PDC-M26;PDC-M29;PDC-M38;PDC-M40;PDC-M54;PDC-M62;PDC-M63;PfiAT;PifA;ppl;Pycsar_effector;Radar;Retron_I_A;Retron_I-B;Retron_I_C;Retron_II-A;Retron_III;Retron_III-A;RIoC;RM_Type_IIG;RM_Type_III;RosmerTA;Rst_3HP;SanaTA;SEFIR;Septu_type_I;Shango;Shedu;ShosTA;tmn;Uzume;Wadjet_I;Zorya_TypeI,Beta-lactam;Phenicol;Fosfomycin;Quinolone,Amikacin;Gentamicin;Tobramycin;Aminoglycoside;Hygromycin;Kanamycin;Streptomycin;Chloramphenicol;Florfenicol;Rifamycin;Trimethoprim;Carbapenem;Cephalosporin;Bleomycin;Macrolide;Streptothricin;Sulfonamide;Tetracycline,Amoxicillin;Piperacillin;Ampicillin,,Amikacin;Gentamicin;Tobramycin;Piperacillin/Tazobactam;Ceftazidime;Meropenem;Imipenem;Ciprofloxacin;Levofloxacin;Colistin,Roth88;Roth27;Roth22;Roth90;Roth26;Roth41;Roth23;Roth16;Roth17;Roth21;Roth80;Roth66;Roth68;Roth76;Roth34;Roth79;Roth01,Roth37;Roth39;Roth49;Roth50;Roth08;Roth74;Roth75;Roth42;Roth87;Roth24;Roth30;Roth44;Roth71;Roth84;Roth10;Roth83;Roth09;Roth93;Roth85;Roth61;Roth47;Roth96;Roth72;RothD;Roth32;RothG;RothJ;RothI;Roth19;Roth20;Roth04;Roth78;Roth67;Roth77;Roth51,,Roth88;Roth27;Roth22;Roth90;Roth26;Roth41;Roth23;Roth51;Roth80;Roth66;Roth68;Roth76;Roth34;Roth79;Roth01,Roth37;Roth39;Roth49;Roth50;Roth08;Roth74;Roth75;Roth42;Roth87;Roth24;Roth30;Roth44;Roth71;Roth84;Roth10;Roth83;Roth09;Roth93;Roth85;Roth61;Roth47;Roth96;Roth72;RothD;Roth32;RothG;RothJ;RothI;Roth19;Roth20;Roth04;Roth78;Roth67;Roth77;Roth17;Roth21,Roth16,,,,KLEB6
K6500,Klebsiella pneumoniae,SAMN20169011,The Netherlands,KL61,K61,O5,O5,ST1411,No,No,No,yagV;yagW;yagX;yagY;yagZ;ykgK;ompA;entA;entB;fepC,astA;iroB;iroC;iroD;iroN;iucA;iucB;iucC;iutA;mchF;peg-344;rmpA;rmpA2;rmpC;rmpD;ybtP;ybtQ;ybtX;ybtS;ybtA;ybtE;ybtT;ybtU;fyuA;irp1;irp2;entE;espX5;fepD;fepG;fliG;fliM;fliN;flgH,arsA;arsB;arsC;arsD;arsR;clpK;fieF;hsp20;pcoA;pcoB;pcoC;pcoD;pcoE;pcoR;pcoS;silA;silB;silC;silE;silF;silP;silR;silS,crcB;hdeD-GI;kefB-GI;merA;merC;merD;merE;merF;merP;merR;merT;ncrA;ncrB;ncrC;ncrY;psi-GI;qacE;qacEdelta1;qacL;shsP;smr;terB;terC;terD;terE;trxLHR;yfdX1;yfdX2,AbiE;AVAST_II;HEC-06;Mok_Hok_Sok;PDC-S04;PDC-S07;PDC-S12;PDC-S13;PDC-S31;PDC-S66;RM_Type_I;RM_Type_IV;Shango;VSPR,AbiC;AbiD;AbiH;AbiL;AbiU;AVAST_V;Borvo;BREX_I;BstA;Bunzi;CapRel;cas_type-I-E;CBASS_I;CBASS_II;DarTG;DISARM_1;Dnd_ABCDE;Dnd_FGH;Dpd;DRT_1;DRT_2;DRT_3;DRT_4;Druantia_II;Druantia_III;dXTPase;Gabija;GAO_19;Gao_Ape;Hhe;Hachiman_type_I;HEC-01;HEC-04;HEC-05;HEC-08;HEC-09;ietAS;Juk;Kiwa;Lamassu_family;Lit;mads;Menshen;Mokosh_TypeI;Mokosh_TypeII;NLR_like;Olokun;Paris;PD-Lambda-1;PD-T4-3;PD-T4-4;PD-T4-5;PD-T4-6;PD-T7-1;PD-T7-2;PD-T7-4;PD-T7-1or5;PDC-S02;PDC-S05;PDC-S06;PDC-S08;PDC-S09;PDC-S11;PDC-S15;PDC-S20;PDC-S21;PDC-S25;PDC-S26;PDC-S29;PDC-S33;PDC-S36;PDC-S39;PDC-S45;PDC-S47;PDC-S60;PDC-S67;PDC_M01;PDC-M03;PDC-M04;PDC-M06;PDC-M09;PDC-M18;PDC-M26;PDC-M29;PDC-M38;PDC-M40;PDC-M54;PDC-M62;PDC-M63;PDC-M66;PfiAT;PifA;ppl;PrrC;Pycsar_effector;Radar;Retron_I_A;Retron_I-B;Retron_I_C;Retron_II-A;Retron_III;Retron_III-A;RIoC;RM_Type_II;RM_Type_IIG;RM_Type_III;RosmerTA;Rst_3HP;Rst_TIR-NLR;SanaTA;SEFIR;Septu_type_I;Shedu;ShosTA;SoFic;tmn;Uzume;Wadjet_I;Zorya_TypeI,Phenicol;Fosfomycin;Quinolone;Tetracycline,Amikacin;Gentamicin;Tobramycin;Aminoglycoside;Hygromycin;Kanamycin;Streptomycin;Chloramphenicol;Florfenicol;Rifamycin;Trimethoprim;Beta-lactam;Carbapenem;Cephalosporin;Bleomycin;Macrolide;Streptothricin;Sulfonamide,Amoxicillin;Piperacillin;Ampicillin,,Amikacin;Gentamicin;Tobramycin;Piperacillin/Tazobactam;Ceftazidime;Meropenem;Imipenem;Ciprofloxacin;Levofloxacin;Colistin,Roth37;Roth39;Roth49;Roth50;Roth08;Roth74;Roth75;Roth42;Roth87;Roth24;Roth30;Roth71;Roth84;Roth10;Roth83;Roth09;Roth93;Roth85;Roth61;Roth47;Roth96;Roth72;Roth88;Roth27;Roth22;Roth90;Roth26;Roth41;Roth23;Roth04;Roth67;Roth77;Roth16;Roth17;Roth21;Roth51;Roth66;Roth68;Roth76;Roth34;Roth01,Roth44;RothD;Roth32;RothG;RothJ;RothI;Roth19,Roth20;Roth78;Roth80;Roth79,Roth49;Roth50;Roth08;Roth42;Roth24;Roth47;Roth96;Roth16;Roth01,Roth37;Roth39;Roth74;Roth75;Roth87;Roth30;Roth44;Roth71;Roth84;Roth10;Roth83;Roth09;Roth93;Roth85;Roth61;Roth72;RothD;Roth32;RothG;RothJ;RothI;Roth88;Roth27;Roth22;Roth90;Roth26;Roth41;Roth23;Roth19;Roth20;Roth04;Roth78;Roth67;Roth77;Roth17;Roth21;Roth51;Roth80;Roth66;Roth68;Roth76;Roth34;Roth79,,2017-12-19,2017.0,Blood culture,K6500
K5864,Klebsiella pneumoniae,JBJHZM000000000,The Netherlands,KL20,K20,O1/O2v1,O2a,ST268,No,No,No,ybtP;ybtQ;ybtX;ybtS;ybtA;ybtE;ybtT;ybtU;yagV;yagW;yagX;yagY;yagZ;ykgK;ompA;fyuA;irp1;irp2;entA;entB;fepC;fepG,astA;iroB;iroC;iroD;iroN;iucA;iucB;iucC;iutA;mchF;peg-344;rmpA;rmpA2;rmpC;rmpD;entE;espX5;fepD;fliG;fliM;fliN;flgH,fieF,arsA;arsB;arsC;arsD;arsR;clpK;crcB;hdeD-GI;hsp20;kefB-GI;merA;merC;merD;merE;merF;merP;merR;merT;ncrA;ncrB;ncrC;ncrY;pcoA;pcoB;pcoC;pcoD;pcoE;pcoR;pcoS;psi-GI;qacE;qacEdelta1;qacL;shsP;silA;silB;silC;silE;silF;silP;silR;silS;smr;terB;terC;terD;terE;trxLHR;yfdX1;yfdX2,AbiE;BREX_I;BstA;DRT_3;HEC-05;PD-T7-4;PDC-S02;PDC-S04;PDC-S07;PDC-S12;PDC-S13;PDC-M18;RM_Type_IV;SoFic;VSPR,AbiC;AbiD;AbiH;AbiL;AbiU;AVAST_II;AVAST_V;Borvo;Bunzi;CapRel;cas_type-I-E;CBASS_I;CBASS_II;DarTG;DISARM_1;Dnd_ABCDE;Dnd_FGH;Dpd;DRT_1;DRT_2;DRT_4;Druantia_II;Druantia_III;dXTPase;Gabija;GAO_19;Gao_Ape;Hhe;Hachiman_type_I;HEC-01;HEC-04;HEC-06;HEC-08;HEC-09;ietAS;Juk;Kiwa;Lamassu_family;Lit;mads;Menshen;Mok_Hok_Sok;Mokosh_TypeI;Mokosh_TypeII;NLR_like;Olokun;Paris;PD-Lambda-1;PD-T4-3;PD-T4-4;PD-T4-5;PD-T4-6;PD-T7-1;PD-T7-2;PD-T7-1or5;PDC-S05;PDC-S06;PDC-S08;PDC-S09;PDC-S11;PDC-S15;PDC-S20;PDC-S21;PDC-S25;PDC-S26;PDC-S29;PDC-S31;PDC-S33;PDC-S36;PDC-S39;PDC-S45;PDC-S47;PDC-S60;PDC-S66;PDC-S67;PDC_M01;PDC-M03;PDC-M04;PDC-M06;PDC-M09;PDC-M26;PDC-M29;PDC-M38;PDC-M40;PDC-M54;PDC-M62;PDC-M63;PDC-M66;PfiAT;PifA;ppl;PrrC;Pycsar_effector;Radar;Retron_I_A;Retron_I-B;Retron_I_C;Retron_II-A;Retron_III;Retron_III-A;RIoC;RM_Type_I;RM_Type_II;RM_Type_IIG;RM_Type_III;RosmerTA;Rst_3HP;Rst_TIR-NLR;SanaTA;SEFIR;Septu_type_I;Shango;Shedu;ShosTA;tmn;Uzume;Wadjet_I;Zorya_TypeI,Phenicol;Fosfomycin;Quinolone,Amikacin;Gentamicin;Tobramycin;Aminoglycoside;Hygromycin;Kanamycin;Streptomycin;Chloramphenicol;Florfenicol;Rifamycin;Trimethoprim;Beta-lactam;Carbapenem;Cephalosporin;Bleomycin;Macrolide;Streptothricin;Sulfonamide;Tetracycline,Amoxicillin;Ampicillin,,Amikacin;Gentamicin;Tobramycin;Piperacillin;Piperacillin/Tazobactam;Ceftazidime;Meropenem;Imipenem;Ciprofloxacin;Levofloxacin;Colistin,,Roth37;Roth39;Roth49;Roth50;Roth08;Roth74;Roth75;Roth42;Roth87;Roth24;Roth30;Roth44;Roth71;Roth84;Roth10;Roth83;Roth09;Roth93;Roth85;Roth61;Roth47;Roth96;Roth72;RothD;Roth32;RothG;RothJ;RothI;Roth88;Roth27;Roth22;Roth90;Roth26;Roth41;Roth23;Roth19;Roth20;Roth04;Roth78;Roth67;Roth77;Roth16;Roth17;Roth21;Roth51;Roth80;Roth66;Roth68;Roth76;Roth34;Roth79;Roth01,,,Roth37;Roth39;Roth49;Roth50;Roth08;Roth74;Roth75;Roth42;Roth87;Roth24;Roth30;Roth44;Roth71;Roth84;Roth10;Roth83;Roth09;Roth93;Roth85;Roth61;Roth47;Roth96;Roth72;RothD;Roth32;RothG;RothJ;RothI;Roth88;Roth27;Roth22;Roth90;Roth26;Roth41;Roth23;Roth19;Roth20;Roth04;Roth78;Roth67;Roth77;Roth16;Roth17;Roth21;Roth51;Roth80;Roth66;Roth68;Roth76;Roth34;Roth79;Roth01,,2017-11-04,2017.0,Blood culture,K5864
164121Y,Klebsiella pneumoniae,JBJHZS000000000,United Kingdom,KL124,unknown (KL124),O1/O2v1,O1ab,ST48,No,No,No,yagV;yagW;yagX;yagY;yagZ;ykgK;ompA;entA;entB;fepC,astA;iroB;iroC;iroD;iroN;iucA;iucB;iucC;iutA;mchF;peg-344;rmpA;rmpA2;rmpC;rmpD;ybtP;ybtQ;ybtX;ybtS;ybtA;ybtE;ybtT;ybtU;fyuA;irp1;irp2;entE;espX5;fepD;fepG;fliG;fliM;fliN;flgH,fieF;pcoA;pcoB;pcoC;pcoD;pcoR;pcoS;silA;silB;silC;silE;silF;silP;silR;silS;terB;terC;terD;terE,arsA;arsB;arsC;arsD;arsR;clpK;crcB;hdeD-GI;hsp20;kefB-GI;merA;merC;merD;merE;merF;merP;merR;merT;ncrA;ncrB;ncrC;ncrY;pcoE;psi-GI;qacE;qacEdelta1;qacL;shsP;smr;trxLHR;yfdX1;yfdX2,AbiE;AVAST_V;GAO_19;Paris;PD-T7-2;PDC-S04;PDC-S07;PDC-S12;PDC-S29;PDC-S31;PDC-M18;RM_Type_II;RM_Type_IV;VSPR,AbiC;AbiD;AbiH;AbiL;AbiU;AVAST_II;Borvo;BREX_I;BstA;Bunzi;CapRel;cas_type-I-E;CBASS_I;CBASS_II;DarTG;DISARM_1;Dnd_ABCDE;Dnd_FGH;Dpd;DRT_1;DRT_2;DRT_3;DRT_4;Druantia_II;Druantia_III;dXTPase;Gabija;Gao_Ape;Hhe;Hachiman_type_I;HEC-01;HEC-04;HEC-05;HEC-06;HEC-08;HEC-09;ietAS;Juk;Kiwa;Lamassu_family;Lit;mads;Menshen;Mok_Hok_Sok;Mokosh_TypeI;Mokosh_TypeII;NLR_like;Olokun;PD-Lambda-1;PD-T4-3;PD-T4-4;PD-T4-5;PD-T4-6;PD-T7-1;PD-T7-4;PD-T7-1or5;PDC-S02;PDC-S05;PDC-S06;PDC-S08;PDC-S09;PDC-S11;PDC-S13;PDC-S15;PDC-S20;PDC-S21;PDC-S25;PDC-S26;PDC-S33;PDC-S36;PDC-S39;PDC-S45;PDC-S47;PDC-S60;PDC-S66;PDC-S67;PDC_M01;PDC-M03;PDC-M04;PDC-M06;PDC-M09;PDC-M26;PDC-M29;PDC-M38;PDC-M40;PDC-M54;PDC-M62;PDC-M63;PDC-M66;PfiAT;PifA;ppl;PrrC;Pycsar_effector;Radar;Retron_I_A;Retron_I-B;Retron_I_C;Retron_II-A;Retron_III;Retron_III-A;RIoC;RM_Type_I;RM_Type_IIG;RM_Type_III;RosmerTA;Rst_3HP;Rst_TIR-NLR;SanaTA;SEFIR;Septu_type_I;Shango;Shedu;ShosTA;SoFic;tmn;Uzume;Wadjet_I;Zorya_TypeI,Amikacin;Gentamicin;Tobramycin;Kanamycin;Streptomycin;Trimethoprim;Beta-lactam;Cephalosporin;Phenicol;Fosfomycin;Quinolone;Sulfonamide;Tetracycline,Aminoglycoside;Hygromycin;Chloramphenicol;Florfenicol;Rifamycin;Carbapenem;Bleomycin;Macrolide;Streptothricin,Amoxicillin;Piperacillin;Piperacillin/Tazobactam;Ceftazidime;Ampicillin,,Amikacin;Gentamicin;Tobramycin;Meropenem;Imipenem;Ciprofloxacin;Levofloxacin;Colistin,Roth88;Roth27;Roth22;Roth90;Roth26;Roth41;Roth23;Roth78;Roth67;Roth77;Roth16;Roth17;Roth21;Roth51;Roth80;Roth66;Roth68;Roth76;Roth34;Roth79;Roth01,Roth37;Roth39;Roth49;Roth50;Roth08;Roth74;Roth75;Roth42;Roth87;Roth24;Roth30;Roth44;Roth71;Roth84;Roth10;Roth83;Roth09;Roth93;Roth85;Roth61;Roth47;Roth96;Roth72;RothD;Roth32;RothG;RothJ;RothI;Roth19;Roth20;Roth04,,Roth88;Roth27;Roth22;Roth26;Roth41;Roth23;Roth16,Roth37;Roth39;Roth49;Roth50;Roth08;Roth74;Roth75;Roth42;Roth87;Roth24;Roth30;Roth44;Roth71;Roth84;Roth10;Roth83;Roth09;Roth93;Roth85;Roth61;Roth47;Roth96;Roth72;RothD;Roth32;RothG;RothJ;RothI;Roth90;Roth19;Roth20;Roth04;Roth78;Roth67;Roth77;Roth17;Roth21;Roth51;Roth80;Roth66;Roth68;Roth76;Roth34;Roth79,Roth01,,,,164121Y
164358U,Klebsiella pneumoniae,JBJHZQ000000000,United Kingdom,KL52,K52,OL101,O13,ST873,No,No,No,yagV;yagW;yagX;yagY;yagZ;ykgK;ompA;entA;entB;fepC,astA;iroB;iroC;iroD;iroN;iucA;iucB;iucC;iutA;mchF;peg-344;rmpA;rmpA2;rmpC;rmpD;ybtP;ybtQ;ybtX;ybtS;ybtA;ybtE;ybtT;ybtU;fyuA;irp1;irp2;entE;espX5;fepD;fepG;fliG;fliM;fliN;flgH,arsA;arsB;arsC;arsD;arsR;clpK;fieF;hsp20;ncrA;ncrB;ncrC;ncrY;pcoA;pcoB;pcoC;pcoD;pcoE;pcoR;pcoS;silA;silB;silC;silE;silF;silP;silR;silS,crcB;hdeD-GI;kefB-GI;merA;merC;merD;merE;merF;merP;merR;merT;psi-GI;qacE;qacEdelta1;qacL;shsP;smr;terB;terC;terD;terE;trxLHR;yfdX1;yfdX2,AbiE;BstA;cas_type-I-E;Mok_Hok_Sok;Mokosh_TypeII;PD-T4-6;PDC-S04;PDC-S06;PDC-S07;PDC-S12;PDC-S13;PDC-S21;PDC-S45;ppl;Retron_I_C;RM_Type_II;Shango;SoFic;VSPR,AbiC;AbiD;AbiH;AbiL;AbiU;AVAST_II;AVAST_V;Borvo;BREX_I;Bunzi;CapRel;CBASS_I;CBASS_II;DarTG;DISARM_1;Dnd_ABCDE;Dnd_FGH;Dpd;DRT_1;DRT_2;DRT_3;DRT_4;Druantia_II;Druantia_III;dXTPase;Gabija;GAO_19;Gao_Ape;Hhe;Hachiman_type_I;HEC-01;HEC-04;HEC-05;HEC-06;HEC-08;HEC-09;ietAS;Juk;Kiwa;Lamassu_family;Lit;mads;Menshen;Mokosh_TypeI;NLR_like;Olokun;Paris;PD-Lambda-1;PD-T4-3;PD-T4-4;PD-T4-5;PD-T7-1;PD-T7-2;PD-T7-4;PD-T7-1or5;PDC-S02;PDC-S05;PDC-S08;PDC-S09;PDC-S11;PDC-S15;PDC-S20;PDC-S25;PDC-S26;PDC-S29;PDC-S31;PDC-S33;PDC-S36;PDC-S39;PDC-S47;PDC-S60;PDC-S66;PDC-S67;PDC_M01;PDC-M03;PDC-M04;PDC-M06;PDC-M09;PDC-M18;PDC-M26;PDC-M29;PDC-M38;PDC-M40;PDC-M54;PDC-M62;PDC-M63;PDC-M66;PfiAT;PifA;PrrC;Pycsar_effector;Radar;Retron_I_A;Retron_I-B;Retron_II-A;Retron_III;Retron_III-A;RIoC;RM_Type_I;RM_Type_IIG;RM_Type_III;RM_Type_IV;RosmerTA;Rst_3HP;Rst_TIR-NLR;SanaTA;SEFIR;Septu_type_I;Shedu;ShosTA;tmn;Uzume;Wadjet_I;Zorya_TypeI,Beta-lactam;Phenicol;Fosfomycin;Quinolone,Amikacin;Gentamicin;Tobramycin;Aminoglycoside;Hygromycin;Kanamycin;Streptomycin;Chloramphenicol;Florfenicol;Rifamycin;Trimethoprim;Carbapenem;Cephalosporin;Bleomycin;Macrolide;Streptothricin;Sulfonamide;Tetracycline,Amoxicillin;Piperacillin;Ampicillin,,Amikacin;Gentamicin;Tobramycin;Piperacillin/Tazobactam;Ceftazidime;Meropenem;Imipenem;Ciprofloxacin;Levofloxacin;Colistin,,Roth37;Roth39;Roth49;Roth50;Roth08;Roth74;Roth75;Roth42;Roth87;Roth24;Roth30;Roth44;Roth71;Roth84;Roth10;Roth83;Roth09;Roth93;Roth85;Roth61;Roth47;Roth96;Roth72;RothD;Roth32;RothG;RothJ;RothI;Roth19;Roth20;Roth78;Roth67;Roth77;Roth16;Roth17;Roth21;Roth51;Roth68;Roth34,Roth88;Roth27;Roth22;Roth90;Roth26;Roth41;Roth23;Roth04;Roth80;Roth66;Roth76;Roth79;Roth01,,Roth37;Roth39;Roth49;Roth50;Roth08;Roth74;Roth75;Roth42;Roth87;Roth24;Roth30;Roth44;Roth71;Roth84;Roth10;Roth83;Roth09;Roth93;Roth85;Roth61;Roth47;Roth96;Roth72;RothD;Roth32;RothG;RothJ;RothI;Roth88;Roth90;Roth23;Roth19;Roth20;Roth04;Roth78;Roth67;Roth77;Roth16;Roth17;Roth21;Roth51;Roth80;Roth66;Roth68;Roth76;Roth34;Roth79;Roth01,Roth27;Roth22;Roth26;Roth41,,,,164358U
L0593,Klebsiella pneumoniae,JBJHZB000000000,The Netherlands,KL52,K52,OL101,O13,ST45,No,No,No,ybtP;ybtQ;ybtX;ybtS;ybtA;ybtE;ybtT;ybtU;yagV;yagW;yagX;yagY;yagZ;ykgK;ompA;fyuA;irp1;irp2;entA;entB;fepC,astA;iroB;iroC;iroD;iroN;iucA;iucB;iucC;iutA;mchF;peg-344;rmpA;rmpA2;rmpC;rmpD;entE;espX5;fepD;fepG;fliG;fliM;fliN;flgH,arsA;arsB;arsC;arsD;arsR;clpK;fieF;hsp20;pcoA;pcoB;pcoC;pcoD;pcoE;pcoR;pcoS;silA;silB;silC;silE;silF;silP;silR;silS,crcB;hdeD-GI;kefB-GI;merA;merC;merD;merE;merF;merP;merR;merT;ncrA;ncrB;ncrC;ncrY;psi-GI;qacE;qacEdelta1;qacL;shsP;smr;terB;terC;terD;terE;trxLHR;yfdX1;yfdX2,AbiE;cas_type-I-E;Mok_Hok_Sok;PDC-S02;PDC-S04;PDC-S07;PDC-S12;PDC-S13;RM_Type_II;RM_Type_IIG;RM_Type_IV;SoFic;VSPR,AbiC;AbiD;AbiH;AbiL;AbiU;AVAST_II;AVAST_V;Borvo;BREX_I;BstA;Bunzi;CapRel;CBASS_I;CBASS_II;DarTG;DISARM_1;Dnd_ABCDE;Dnd_FGH;Dpd;DRT_1;DRT_2;DRT_3;DRT_4;Druantia_II;Druantia_III;dXTPase;Gabija;GAO_19;Gao_Ape;Hhe;Hachiman_type_I;HEC-01;HEC-04;HEC-05;HEC-06;HEC-08;HEC-09;ietAS;Juk;Kiwa;Lamassu_family;Lit;mads;Menshen;Mokosh_TypeI;Mokosh_TypeII;NLR_like;Olokun;Paris;PD-Lambda-1;PD-T4-3;PD-T4-4;PD-T4-5;PD-T4-6;PD-T7-1;PD-T7-2;PD-T7-4;PD-T7-1or5;PDC-S05;PDC-S06;PDC-S08;PDC-S09;PDC-S11;PDC-S15;PDC-S20;PDC-S21;PDC-S25;PDC-S26;PDC-S29;PDC-S31;PDC-S33;PDC-S36;PDC-S39;PDC-S45;PDC-S47;PDC-S60;PDC-S66;PDC-S67;PDC_M01;PDC-M03;PDC-M04;PDC-M06;PDC-M09;PDC-M18;PDC-M26;PDC-M29;PDC-M38;PDC-M40;PDC-M54;PDC-M62;PDC-M63;PDC-M66;PfiAT;PifA;ppl;PrrC;Pycsar_effector;Radar;Retron_I_A;Retron_I-B;Retron_I_C;Retron_II-A;Retron_III;Retron_III-A;RIoC;RM_Type_I;RM_Type_III;RosmerTA;Rst_3HP;Rst_TIR-NLR;SanaTA;SEFIR;Septu_type_I;Shango;Shedu;ShosTA;tmn;Uzume;Wadjet_I;Zorya_TypeI,Streptomycin;Trimethoprim;Beta-lactam;Cephalosporin;Phenicol;Fosfomycin;Quinolone;Sulfonamide;Tetracycline,Amikacin;Gentamicin;Tobramycin;Aminoglycoside;Hygromycin;Kanamycin;Chloramphenicol;Florfenicol;Rifamycin;Carbapenem;Bleomycin;Macrolide;Streptothricin,Amoxicillin;Piperacillin;Piperacillin/Tazobactam;Ceftazidime;Ciprofloxacin;Levofloxacin;Ampicillin,,Amikacin;Gentamicin;Tobramycin;Meropenem;Imipenem;Colistin,,Roth37;Roth39;Roth49;Roth50;Roth08;Roth74;Roth75;Roth42;Roth87;Roth24;Roth30;Roth44;Roth71;Roth84;Roth10;Roth83;Roth09;Roth93;Roth85;Roth61;Roth47;Roth96;Roth72;RothD;Roth32;RothG;RothJ;RothI;Roth27;Roth22;Roth90;Roth26;Roth19;Roth20;Roth04;Roth78;Roth67;Roth77;Roth16;Roth17;Roth21;Roth34,Roth88;Roth41;Roth23;Roth51;Roth80;Roth66;Roth68;Roth76;Roth79;Roth01,,Roth37;Roth39;Roth49;Roth50;Roth08;Roth74;Roth75;Roth42;Roth87;Roth24;Roth30;Roth44;Roth71;Roth84;Roth10;Roth83;Roth09;Roth93;Roth85;Roth61;Roth47;Roth96;Roth72;RothD;Roth32;RothG;RothJ;RothI;Roth88;Roth90;Roth19;Roth20;Roth04;Roth78;Roth67;Roth77;Roth16;Roth17;Roth21;Roth51;Roth80;Roth34;Roth79,Roth27;Roth22;Roth26;Roth41;Roth23;Roth66;Roth68;Roth76;Roth01,2018-02-01,2018.0,Blood culture peripheral,L0593
KLEB7,Klebsiella pneumoniae,JBJHZG000000000,United Kingdom,KL24,K24,O1/O2v1,O2a,ST485,No,No,No,ybtP;ybtQ;ybtX;ybtS;ybtA;ybtE;ybtT;ybtU;yagV;yagW;yagX;yagY;yagZ;ykgK;ompA;fyuA;irp1;irp2;entA;entB;fepC,astA;iroB;iroC;iroD;iroN;iucA;iucB;iucC;iutA;mchF;peg-344;rmpA;rmpA2;rmpC;rmpD;entE;espX5;fepD;fepG;fliG;fliM;fliN;flgH,fieF;terB;terC;terD;terE,arsA;arsB;arsC;arsD;arsR;clpK;crcB;hdeD-GI;hsp20;kefB-GI;merA;merC;merD;merE;merF;merP;merR;merT;ncrA;ncrB;ncrC;ncrY;pcoA;pcoB;pcoC;pcoD;pcoE;pcoR;pcoS;psi-GI;qacE;qacEdelta1;qacL;shsP;silA;silB;silC;silE;silF;silP;silR;silS;smr;trxLHR;yfdX1;yfdX2,AbiE;cas_type-I-E;CBASS_II;Mok_Hok_Sok;Mokosh_TypeII;PD-T4-6;PDC-S04;PDC-S07;PDC-S12;PDC-S13;PDC-M09;PifA;SEFIR;SoFic;VSPR,AbiC;AbiD;AbiH;AbiL;AbiU;AVAST_II;AVAST_V;Borvo;BREX_I;BstA;Bunzi;CapRel;CBASS_I;DarTG;DISARM_1;Dnd_ABCDE;Dnd_FGH;Dpd;DRT_1;DRT_2;DRT_3;DRT_4;Druantia_II;Druantia_III;dXTPase;Gabija;GAO_19;Gao_Ape;Hhe;Hachiman_type_I;HEC-01;HEC-04;HEC-05;HEC-06;HEC-08;HEC-09;ietAS;Juk;Kiwa;Lamassu_family;Lit;mads;Menshen;Mokosh_TypeI;NLR_like;Olokun;Paris;PD-Lambda-1;PD-T4-3;PD-T4-4;PD-T4-5;PD-T7-1;PD-T7-2;PD-T7-4;PD-T7-1or5;PDC-S02;PDC-S05;PDC-S06;PDC-S08;PDC-S09;PDC-S11;PDC-S15;PDC-S20;PDC-S21;PDC-S25;PDC-S26;PDC-S29;PDC-S31;PDC-S33;PDC-S36;PDC-S39;PDC-S45;PDC-S47;PDC-S60;PDC-S66;PDC-S67;PDC_M01;PDC-M03;PDC-M04;PDC-M06;PDC-M18;PDC-M26;PDC-M29;PDC-M38;PDC-M40;PDC-M54;PDC-M62;PDC-M63;PDC-M66;PfiAT;ppl;PrrC;Pycsar_effector;Radar;Retron_I_A;Retron_I-B;Retron_I_C;Retron_II-A;Retron_III;Retron_III-A;RIoC;RM_Type_I;RM_Type_II;RM_Type_IIG;RM_Type_III;RM_Type_IV;RosmerTA;Rst_3HP;Rst_TIR-NLR;SanaTA;Septu_type_I;Shango;Shedu;ShosTA;tmn;Uzume;Wadjet_I;Zorya_TypeI,Beta-lactam;Phenicol;Fosfomycin;Quinolone,Amikacin;Gentamicin;Tobramycin;Aminoglycoside;Hygromycin;Kanamycin;Streptomycin;Chloramphenicol;Florfenicol;Rifamycin;Trimethoprim;Carbapenem;Cephalosporin;Bleomycin;Macrolide;Streptothricin;Sulfonamide;Tetracycline,Amoxicillin;Piperacillin;Ampicillin,,Amikacin;Gentamicin;Tobramycin;Piperacillin/Tazobactam;Ceftazidime;Meropenem;Imipenem;Ciprofloxacin;Levofloxacin;Colistin,,Roth37;Roth39;Roth49;Roth50;Roth08;Roth74;Roth75;Roth42;Roth87;Roth24;Roth30;Roth44;Roth71;Roth84;Roth10;Roth83;Roth09;Roth93;Roth85;Roth61;Roth47;Roth96;Roth72;RothD;Roth32;RothG;RothJ;RothI;Roth88;Roth27;Roth22;Roth90;Roth26;Roth41;Roth23;Roth19;Roth20;Roth04;Roth78;Roth67;Roth77;Roth17,Roth16;Roth21;Roth51;Roth80;Roth66;Roth68;Roth76;Roth34;Roth79;Roth01,Roth37;Roth39;Roth49;Roth50,Roth08;Roth74;Roth75;Roth42;Roth87;Roth24;Roth30;Roth44;Roth71;Roth84;Roth10;Roth83;Roth09;Roth93;Roth85;Roth61;Roth47;Roth96;Roth72;RothD;Roth32;RothG;RothJ;RothI;Roth88;Roth27;Roth22;Roth90;Roth26;Roth41;Roth23;Roth19;Roth20;Roth16;Roth17;Roth51;Roth34,Roth04;Roth78;Roth67;Roth77;Roth21;Roth80;Roth66;Roth68;Roth76;Roth79;Roth01,,,,KLEB7
RSUH15,Klebsiella pneumoniae,JBELWC000000000,,KL21,K21,O3b,O3b,ST323,Yes,Yes,No,yagV;yagW;yagX;yagY;yagZ;ykgK;ompA;entA;entB;fepC,astA;iroB;iroC;iroD;iroN;iucA;iucB;iucC;iutA;mchF;peg-344;rmpA;rmpA2;rmpC;rmpD;ybtP;ybtQ;ybtX;ybtS;ybtA;ybtE;ybtT;ybtU;fyuA;irp1;irp2;entE;espX5;fepD;fepG;fliG;fliM;fliN;flgH,arsA;arsB;arsC;arsD;arsR;clpK;crcB;fieF;hsp20;pcoA;pcoB;pcoC;pcoD;pcoE;pcoR;pcoS;silA;silB;silC;silE;silF;silP;silR;silS,hdeD-GI;kefB-GI;merA;merC;merD;merE;merF;merP;merR;merT;ncrA;ncrB;ncrC;ncrY;psi-GI;qacE;qacEdelta1;qacL;shsP;smr;terB;terC;terD;terE;trxLHR;yfdX1;yfdX2,AbiE;AbiL;Dpd;GAO_19;PD-T7-2;PDC-S04;PDC-S07;PDC-S12;PDC-S13;PDC-S25;RM_Type_II;RM_Type_IV;SoFic;VSPR,AbiC;AbiD;AbiH;AbiU;AVAST_II;AVAST_V;Borvo;BREX_I;BstA;Bunzi;CapRel;cas_type-I-E;CBASS_I;CBASS_II;DarTG;DISARM_1;Dnd_ABCDE;Dnd_FGH;DRT_1;DRT_2;DRT_3;DRT_4;Druantia_II;Druantia_III;dXTPase;Gabija;Gao_Ape;Hhe;Hachiman_type_I;HEC-01;HEC-04;HEC-05;HEC-06;HEC-08;HEC-09;ietAS;Juk;Kiwa;Lamassu_family;Lit;mads;Menshen;Mok_Hok_Sok;Mokosh_TypeI;Mokosh_TypeII;NLR_like;Olokun;Paris;PD-Lambda-1;PD-T4-3;PD-T4-4;PD-T4-5;PD-T4-6;PD-T7-1;PD-T7-4;PD-T7-1or5;PDC-S02;PDC-S05;PDC-S06;PDC-S08;PDC-S09;PDC-S11;PDC-S15;PDC-S20;PDC-S21;PDC-S26;PDC-S29;PDC-S31;PDC-S33;PDC-S36;PDC-S39;PDC-S45;PDC-S47;PDC-S60;PDC-S66;PDC-S67;PDC_M01;PDC-M03;PDC-M04;PDC-M06;PDC-M09;PDC-M18;PDC-M26;PDC-M29;PDC-M38;PDC-M40;PDC-M54;PDC-M62;PDC-M63;PDC-M66;PfiAT;PifA;ppl;PrrC;Pycsar_effector;Radar;Retron_I_A;Retron_I-B;Retron_I_C;Retron_II-A;Retron_III;Retron_III-A;RIoC;RM_Type_I;RM_Type_IIG;RM_Type_III;RosmerTA;Rst_3HP;Rst_TIR-NLR;SanaTA;SEFIR;Septu_type_I;Shango;Shedu;ShosTA;tmn;Uzume;Wadjet_I;Zorya_TypeI,Amikacin;Tobramycin;Kanamycin;Trimethoprim;Beta-lactam;Carbapenem;Cephalosporin;Phenicol;Fosfomycin;Quinolone,Gentamicin;Aminoglycoside;Hygromycin;Streptomycin;Chloramphenicol;Florfenicol;Rifamycin;Bleomycin;Macrolide;Streptothricin;Sulfonamide;Tetracycline,Amoxicillin;Piperacillin;Piperacillin/Tazobactam;Meropenem;Imipenem;Ampicillin,,Amikacin;Gentamicin;Tobramycin;Ceftazidime;Ciprofloxacin;Levofloxacin;Colistin,RothG;RothJ;RothI,Roth37;Roth39;Roth49;Roth50;Roth08;Roth74;Roth75;Roth42;Roth87;Roth24;Roth30;Roth44;Roth71;Roth84;Roth10;Roth83;Roth09;Roth93;Roth85;Roth61;Roth47;Roth96;Roth72;RothD;Roth32;Roth19;Roth20;Roth04;Roth78;Roth67;Roth77;Roth34,Roth88;Roth27;Roth22;Roth90;Roth26;Roth41;Roth23;Roth16;Roth17;Roth21;Roth51;Roth80;Roth66;Roth68;Roth76;Roth79;Roth01,RothD;RothG;RothJ;RothI,Roth37;Roth39;Roth49;Roth50;Roth08;Roth74;Roth75;Roth42;Roth87;Roth24;Roth30;Roth44;Roth71;Roth84;Roth10;Roth83;Roth09;Roth93;Roth85;Roth61;Roth47;Roth96;Roth72;Roth32;Roth19;Roth20;Roth04;Roth78;Roth67;Roth77;Roth16;Roth17;Roth21;Roth51;Roth66;Roth68,Roth88;Roth27;Roth22;Roth90;Roth26;Roth41;Roth23;Roth80;Roth76;Roth34;Roth79;Roth01,2021,2021.0,Clinical,RSUH15
80528,Klebsiella pneumoniae,JBELWW000000000,United Kingdom,KL21,K21,O3b,O3b,ST323,Yes,Yes,Yes,yagV;yagW;yagX;yagY;yagZ;ykgK;ompA;entA;entB;fepC,astA;iroB;iroC;iroD;iroN;iucA;iucB;iucC;iutA;mchF;peg-344;rmpA;rmpA2;rmpC;rmpD;ybtP;ybtQ;ybtX;ybtS;ybtA;ybtE;ybtT;ybtU;fyuA;irp1;irp2;entE;espX5;fepD;fepG;fliG;fliM;fliN;flgH,arsA;arsB;arsC;arsD;arsR;clpK;crcB;fieF;hsp20;merD;merE;merF;merP;merR;merT;pcoA;pcoB;pcoC;pcoD;pcoE;pcoR;pcoS;silA;silB;silC;silE;silF;silP;silR;silS,hdeD-GI;kefB-GI;merA;merC;ncrA;ncrB;ncrC;ncrY;psi-GI;qacE;qacEdelta1;qacL;shsP;smr;terB;terC;terD;terE;trxLHR;yfdX1;yfdX2,AbiE;Dpd;GAO_19;PD-Lambda-1;PD-T7-2;PDC-S04;PDC-S07;PDC-S09;PDC-S12;PDC-S13;PDC-S25;PDC-M63;SoFic;VSPR,AbiC;AbiD;AbiH;AbiL;AbiU;AVAST_II;AVAST_V;Borvo;BREX_I;BstA;Bunzi;CapRel;cas_type-I-E;CBASS_I;CBASS_II;DarTG;DISARM_1;Dnd_ABCDE;Dnd_FGH;DRT_1;DRT_2;DRT_3;DRT_4;Druantia_II;Druantia_III;dXTPase;Gabija;Gao_Ape;Hhe;Hachiman_type_I;HEC-01;HEC-04;HEC-05;HEC-06;HEC-08;HEC-09;ietAS;Juk;Kiwa;Lamassu_family;Lit;mads;Menshen;Mok_Hok_Sok;Mokosh_TypeI;Mokosh_TypeII;NLR_like;Olokun;Paris;PD-T4-3;PD-T4-4;PD-T4-5;PD-T4-6;PD-T7-1;PD-T7-4;PD-T7-1or5;PDC-S02;PDC-S05;PDC-S06;PDC-S08;PDC-S11;PDC-S15;PDC-S20;PDC-S21;PDC-S26;PDC-S29;PDC-S31;PDC-S33;PDC-S36;PDC-S39;PDC-S45;PDC-S47;PDC-S60;PDC-S66;PDC-S67;PDC_M01;PDC-M03;PDC-M04;PDC-M06;PDC-M09;PDC-M18;PDC-M26;PDC-M29;PDC-M38;PDC-M40;PDC-M54;PDC-M62;PDC-M66;PfiAT;PifA;ppl;PrrC;Pycsar_effector;Radar;Retron_I_A;Retron_I-B;Retron_I_C;Retron_II-A;Retron_III;Retron_III-A;RIoC;RM_Type_I;RM_Type_II;RM_Type_IIG;RM_Type_III;RM_Type_IV;RosmerTA;Rst_3HP;Rst_TIR-NLR;SanaTA;SEFIR;Septu_type_I;Shango;Shedu;ShosTA;tmn;Uzume;Wadjet_I;Zorya_TypeI,Beta-lactam;Phenicol;Fosfomycin;Quinolone,Amikacin;Gentamicin;Tobramycin;Aminoglycoside;Hygromycin;Kanamycin;Streptomycin;Chloramphenicol;Florfenicol;Rifamycin;Trimethoprim;Carbapenem;Cephalosporin;Bleomycin;Macrolide;Streptothricin;Sulfonamide;Tetracycline,Amoxicillin;Piperacillin;Ampicillin,,Amikacin;Gentamicin;Tobramycin;Piperacillin/Tazobactam;Ceftazidime;Meropenem;Imipenem;Ciprofloxacin;Levofloxacin;Colistin,RothD,Roth37;Roth39;Roth49;Roth50;Roth08;Roth74;Roth75;Roth42;Roth87;Roth24;Roth30;Roth44;Roth71;Roth84;Roth10;Roth83;Roth09;Roth93;Roth85;Roth61;Roth47;Roth96;Roth72;Roth32;RothI;Roth90;Roth19;Roth20;Roth04;Roth78;Roth67;Roth77;Roth16;Roth17;Roth21;Roth51;Roth80;Roth66;Roth68;Roth76;Roth34;Roth79;Roth01,RothG;RothJ;Roth88;Roth27;Roth22;Roth26;Roth41;Roth23,RothD,Roth37;Roth39;Roth49;Roth50;Roth08;Roth74;Roth75;Roth42;Roth87;Roth24;Roth30;Roth44;Roth71;Roth84;Roth10;Roth83;Roth09;Roth93;Roth85;Roth61;Roth47;Roth96;Roth72;Roth32;Roth88;Roth90;Roth19;Roth20;Roth04;Roth78;Roth67;Roth77;Roth16;Roth17;Roth21;Roth51;Roth80;Roth66;Roth68;Roth76;Roth34;Roth79;Roth01,RothG;RothJ;RothI;Roth27;Roth22;Roth26;Roth41;Roth23,2018,2018.0,Post surgery infection,80528
KLEB2,Klebsiella pneumoniae,JBJHZL000000000,United Kingdom,KL27,K27,O1/O2v2,O2afg,ST528,No,No,No,yagV;yagW;yagX;yagY;yagZ;ykgK;ompA;entA;entB;fepC,astA;iroB;iroC;iroD;iroN;iucA;iucB;iucC;iutA;mchF;peg-344;rmpA;rmpA2;rmpC;rmpD;ybtP;ybtQ;ybtX;ybtS;ybtA;ybtE;ybtT;ybtU;fyuA;irp1;irp2;entE;espX5;fepD;fepG;fliG;fliM;fliN;flgH,clpK;fieF;hdeD-GI;hsp20;kefB-GI;pcoA;pcoB;pcoC;pcoD;pcoR;pcoS;psi-GI;shsP;silA;silB;silC;silE;silF;silP;silR;silS;trxLHR;yfdX1;yfdX2,arsA;arsB;arsC;arsD;arsR;crcB;merA;merC;merD;merE;merF;merP;merR;merT;ncrA;ncrB;ncrC;ncrY;pcoE;qacE;qacEdelta1;qacL;smr;terB;terC;terD;terE,AbiE;Bunzi;CBASS_I;Lamassu_family;Mokosh_TypeI;Mokosh_TypeII;PD-T4-4;PDC-S04;PDC-S07;PDC-S12;PDC_M01;PDC-M62;RM_Type_I;RM_Type_IV;Septu_type_I;VSPR,AbiC;AbiD;AbiH;AbiL;AbiU;AVAST_II;AVAST_V;Borvo;BREX_I;BstA;CapRel;cas_type-I-E;CBASS_II;DarTG;DISARM_1;Dnd_ABCDE;Dnd_FGH;Dpd;DRT_1;DRT_2;DRT_3;DRT_4;Druantia_II;Druantia_III;dXTPase;Gabija;GAO_19;Gao_Ape;Hhe;Hachiman_type_I;HEC-01;HEC-04;HEC-05;HEC-06;HEC-08;HEC-09;ietAS;Juk;Kiwa;Lit;mads;Menshen;Mok_Hok_Sok;NLR_like;Olokun;Paris;PD-Lambda-1;PD-T4-3;PD-T4-5;PD-T4-6;PD-T7-1;PD-T7-2;PD-T7-4;PD-T7-1or5;PDC-S02;PDC-S05;PDC-S06;PDC-S08;PDC-S09;PDC-S11;PDC-S13;PDC-S15;PDC-S20;PDC-S21;PDC-S25;PDC-S26;PDC-S29;PDC-S31;PDC-S33;PDC-S36;PDC-S39;PDC-S45;PDC-S47;PDC-S60;PDC-S66;PDC-S67;PDC-M03;PDC-M04;PDC-M06;PDC-M09;PDC-M18;PDC-M26;PDC-M29;PDC-M38;PDC-M40;PDC-M54;PDC-M63;PDC-M66;PfiAT;PifA;ppl;PrrC;Pycsar_effector;Radar;Retron_I_A;Retron_I-B;Retron_I_C;Retron_II-A;Retron_III;Retron_III-A;RIoC;RM_Type_II;RM_Type_IIG;RM_Type_III;RosmerTA;Rst_3HP;Rst_TIR-NLR;SanaTA;SEFIR;Shango;Shedu;ShosTA;SoFic;tmn;Uzume;Wadjet_I;Zorya_TypeI,Beta-lactam;Phenicol;Fosfomycin;Quinolone,Amikacin;Gentamicin;Tobramycin;Aminoglycoside;Hygromycin;Kanamycin;Streptomycin;Chloramphenicol;Florfenicol;Rifamycin;Trimethoprim;Carbapenem;Cephalosporin;Bleomycin;Macrolide;Streptothricin;Sulfonamide;Tetracycline,Amoxicillin;Piperacillin;Ampicillin,,Amikacin;Gentamicin;Tobramycin;Piperacillin/Tazobactam;Ceftazidime;Meropenem;Imipenem;Ciprofloxacin;Levofloxacin;Colistin,Roth88;Roth27;Roth22;Roth90;Roth26;Roth41;Roth23,Roth37;Roth39;Roth49;Roth50;Roth08;Roth74;Roth75;Roth42;Roth87;Roth24;Roth30;Roth44;Roth71;Roth84;Roth10;Roth83;Roth09;Roth93;Roth85;Roth61;Roth47;Roth96;Roth72;RothD;Roth32;RothG;RothJ;RothI;Roth19;Roth20;Roth04;Roth78;Roth67;Roth77;Roth17;Roth51;Roth80;Roth68;Roth34,Roth16;Roth21;Roth66;Roth76;Roth79;Roth01,,Roth37;Roth39;Roth49;Roth50;Roth08;Roth74;Roth75;Roth42;Roth87;Roth24;Roth30;Roth44;Roth71;Roth84;Roth10;Roth83;Roth09;Roth93;Roth85;Roth61;Roth47;Roth96;Roth72;RothD;Roth32;RothG;RothJ;RothI;Roth19;Roth20;Roth04;Roth78;Roth67;Roth77;Roth16;Roth17;Roth51;Roth80;Roth34,Roth88;Roth27;Roth22;Roth90;Roth26;Roth41;Roth23;Roth21;Roth66;Roth68;Roth76;Roth79;Roth01,,,,KLEB2
MGH_78578,Klebsiella pneumoniae,CP000647.1,,KL52,K52,OL101,O13,ST38,Yes,No,No,yagV;yagW;yagX;yagY;yagZ;ykgK;ompA;entA;entB;fepC,astA;iroB;iroC;iroD;iroN;iucA;iucB;iucC;iutA;mchF;peg-344;rmpA;rmpA2;rmpC;rmpD;ybtP;ybtQ;ybtX;ybtS;ybtA;ybtE;ybtT;ybtU;fyuA;irp1;irp2;entE;espX5;fepD;fepG;fliG;fliM;fliN;flgH,arsA;arsB;arsC;arsD;arsR;clpK;fieF;hsp20;merC;pcoA;pcoB;pcoC;pcoD;pcoE;pcoR;pcoS;qacEdelta1;silA;silB;silC;silE;silF;silP;silR;silS,crcB;hdeD-GI;kefB-GI;merA;merD;merE;merF;merP;merR;merT;ncrA;ncrB;ncrC;ncrY;psi-GI;qacE;qacL;shsP;smr;terB;terC;terD;terE;trxLHR;yfdX1;yfdX2,AbiE;AVAST_II;Bunzi;DISARM_1;HEC-06;Mok_Hok_Sok;PD-T4-4;PDC-S04;PDC-S07;PDC-S12;PDC-S13;PifA;RM_Type_I;RM_Type_II;RM_Type_IV;SanaTA;Shango;SoFic;VSPR,AbiC;AbiD;AbiH;AbiL;AbiU;AVAST_V;Borvo;BREX_I;BstA;CapRel;cas_type-I-E;CBASS_I;CBASS_II;DarTG;Dnd_ABCDE;Dnd_FGH;Dpd;DRT_1;DRT_2;DRT_3;DRT_4;Druantia_II;Druantia_III;dXTPase;Gabija;GAO_19;Gao_Ape;Hhe;Hachiman_type_I;HEC-01;HEC-04;HEC-05;HEC-08;HEC-09;ietAS;Juk;Kiwa;Lamassu_family;Lit;mads;Menshen;Mokosh_TypeI;Mokosh_TypeII;NLR_like;Olokun;Paris;PD-Lambda-1;PD-T4-3;PD-T4-5;PD-T4-6;PD-T7-1;PD-T7-2;PD-T7-4;PD-T7-1or5;PDC-S02;PDC-S05;PDC-S06;PDC-S08;PDC-S09;PDC-S11;PDC-S15;PDC-S20;PDC-S21;PDC-S25;PDC-S26;PDC-S29;PDC-S31;PDC-S33;PDC-S36;PDC-S39;PDC-S45;PDC-S47;PDC-S60;PDC-S66;PDC-S67;PDC_M01;PDC-M03;PDC-M04;PDC-M06;PDC-M09;PDC-M18;PDC-M26;PDC-M29;PDC-M38;PDC-M40;PDC-M54;PDC-M62;PDC-M63;PDC-M66;PfiAT;ppl;PrrC;Pycsar_effector;Radar;Retron_I_A;Retron_I-B;Retron_I_C;Retron_II-A;Retron_III;Retron_III-A;RIoC;RM_Type_IIG;RM_Type_III;RosmerTA;Rst_3HP;Rst_TIR-NLR;SEFIR;Septu_type_I;Shedu;ShosTA;tmn;Uzume;Wadjet_I;Zorya_TypeI,Amikacin;Gentamicin;Tobramycin;Kanamycin;Streptomycin;Chloramphenicol;Beta-lactam;Phenicol;Fosfomycin;Quinolone;Sulfonamide;Tetracycline,Aminoglycoside;Hygromycin;Florfenicol;Rifamycin;Trimethoprim;Carbapenem;Cephalosporin;Bleomycin;Macrolide;Streptothricin,Amikacin;Gentamicin;Tobramycin;Amoxicillin;Piperacillin;Ceftazidime;Ampicillin,,Piperacillin/Tazobactam;Meropenem;Imipenem;Ciprofloxacin;Levofloxacin;Colistin,,Roth37;Roth39;Roth49;Roth50;Roth08;Roth74;Roth75;Roth42;Roth87;Roth24;Roth30;Roth44;Roth71;Roth84;Roth10;Roth83;Roth09;Roth93;Roth85;Roth61;Roth47;Roth96;Roth72;RothD;Roth32;RothG;RothJ;RothI;Roth88;Roth27;Roth22;Roth90;Roth26;Roth41;Roth23;Roth19;Roth20;Roth04;Roth78;Roth67;Roth77;Roth16;Roth17;Roth21;Roth51;Roth80;Roth66;Roth68;Roth76;Roth34;Roth79;Roth01,,,Roth37;Roth39;Roth49;Roth50;Roth08;Roth74;Roth75;Roth42;Roth87;Roth24;Roth30;Roth44;Roth71;Roth84;Roth10;Roth83;Roth09;Roth93;Roth85;Roth61;Roth47;Roth96;Roth72;RothD;Roth32;RothG;RothJ;RothI;Roth88;Roth27;Roth22;Roth90;Roth26;Roth41;Roth23;Roth19;Roth20;Roth04;Roth78;Roth67;Roth77;Roth16;Roth17;Roth21;Roth51;Roth80;Roth66;Roth68;Roth76;Roth34;Roth79;Roth01,,1994,1994.0,,MGH78578
KLEB10,Klebsiella pneumoniae,JBJHZE000000000,United Kingdom,KL38,K38,O12,O12,ST1774,No,No,No,yagV;yagW;yagX;yagY;yagZ;ykgK;ompA;entA;entB;fepC,astA;iroB;iroC;iroD;iroN;iucA;iucB;iucC;iutA;mchF;peg-344;rmpA;rmpA2;rmpC;rmpD;ybtP;ybtQ;ybtX;ybtS;ybtA;ybtE;ybtT;ybtU;fyuA;irp1;irp2;entE;espX5;fepD;fepG;fliG;fliM;fliN;flgH,fieF,arsA;arsB;arsC;arsD;arsR;clpK;crcB;hdeD-GI;hsp20;kefB-GI;merA;merC;merD;merE;merF;merP;merR;merT;ncrA;ncrB;ncrC;ncrY;pcoA;pcoB;pcoC;pcoD;pcoE;pcoR;pcoS;psi-GI;qacE;qacEdelta1;qacL;shsP;silA;silB;silC;silE;silF;silP;silR;silS;smr;terB;terC;terD;terE;trxLHR;yfdX1;yfdX2,AbiE;cas_type-I-E;HEC-04;Mokosh_TypeI;PD-T4-6;PDC-S04;PDC-S07;PDC-S12;PDC-S13;RM_Type_II;RM_Type_IIG;RM_Type_IV;Rst_TIR-NLR;SoFic;VSPR,AbiC;AbiD;AbiH;AbiL;AbiU;AVAST_II;AVAST_V;Borvo;BREX_I;BstA;Bunzi;CapRel;CBASS_I;CBASS_II;DarTG;DISARM_1;Dnd_ABCDE;Dnd_FGH;Dpd;DRT_1;DRT_2;DRT_3;DRT_4;Druantia_II;Druantia_III;dXTPase;Gabija;GAO_19;Gao_Ape;Hhe;Hachiman_type_I;HEC-01;HEC-05;HEC-06;HEC-08;HEC-09;ietAS;Juk;Kiwa;Lamassu_family;Lit;mads;Menshen;Mok_Hok_Sok;Mokosh_TypeII;NLR_like;Olokun;Paris;PD-Lambda-1;PD-T4-3;PD-T4-4;PD-T4-5;PD-T7-1;PD-T7-2;PD-T7-4;PD-T7-1or5;PDC-S02;PDC-S05;PDC-S06;PDC-S08;PDC-S09;PDC-S11;PDC-S15;PDC-S20;PDC-S21;PDC-S25;PDC-S26;PDC-S29;PDC-S31;PDC-S33;PDC-S36;PDC-S39;PDC-S45;PDC-S47;PDC-S60;PDC-S66;PDC-S67;PDC_M01;PDC-M03;PDC-M04;PDC-M06;PDC-M09;PDC-M18;PDC-M26;PDC-M29;PDC-M38;PDC-M40;PDC-M54;PDC-M62;PDC-M63;PDC-M66;PfiAT;PifA;ppl;PrrC;Pycsar_effector;Radar;Retron_I_A;Retron_I-B;Retron_I_C;Retron_II-A;Retron_III;Retron_III-A;RIoC;RM_Type_I;RM_Type_III;RosmerTA;Rst_3HP;SanaTA;SEFIR;Septu_type_I;Shango;Shedu;ShosTA;tmn;Uzume;Wadjet_I;Zorya_TypeI,Beta-lactam;Phenicol;Fosfomycin;Quinolone,Amikacin;Gentamicin;Tobramycin;Aminoglycoside;Hygromycin;Kanamycin;Streptomycin;Chloramphenicol;Florfenicol;Rifamycin;Trimethoprim;Carbapenem;Cephalosporin;Bleomycin;Macrolide;Streptothricin;Sulfonamide;Tetracycline,Amoxicillin;Piperacillin;Ampicillin,,Amikacin;Gentamicin;Tobramycin;Piperacillin/Tazobactam;Ceftazidime;Meropenem;Imipenem;Ciprofloxacin;Levofloxacin;Colistin,,Roth37;Roth39;Roth49;Roth50;Roth08;Roth74;Roth75;Roth42;Roth87;Roth24;Roth30;Roth44;Roth71;Roth84;Roth10;Roth83;Roth09;Roth93;Roth85;Roth61;Roth47;Roth96;Roth72;RothD;Roth32;RothJ;RothI;Roth88;Roth27;Roth22;Roth90;Roth26;Roth41;Roth23;Roth19;Roth20;Roth04;Roth78;Roth67;Roth77;Roth16;Roth17;Roth21;Roth51;Roth80;Roth66;Roth68;Roth76;Roth34;Roth79;Roth01,RothG,,Roth37;Roth39;Roth49;Roth50;Roth08;Roth74;Roth75;Roth42;Roth87;Roth24;Roth30;Roth44;Roth71;Roth84;Roth10;Roth83;Roth09;Roth93;Roth85;Roth61;Roth47;Roth96;Roth72;RothD;Roth32;RothG;RothJ;RothI;Roth88;Roth27;Roth22;Roth90;Roth26;Roth41;Roth23;Roth19;Roth20;Roth04;Roth78;Roth67;Roth77;Roth16;Roth17;Roth21;Roth51;Roth80;Roth66;Roth68;Roth76;Roth34;Roth79;Roth01,,,,,KLEB10
NCTC_7427,Klebsiella pneumoniae,NA,,KL2,Capsule null,O1/O2v1,O2a,ST86,Yes,Yes,Yes,rmpA;rmpC;rmpD;ybtP;ybtQ;ybtX;ybtS;ybtA;ybtE;ybtT;ybtU;yagV;yagW;yagX;yagY;yagZ;ykgK;ompA;fyuA;irp1;irp2;entA;entB;fepC,astA;iroB;iroC;iroD;iroN;iucA;iucB;iucC;iutA;mchF;peg-344;rmpA2;entE;espX5;fepD;fepG;fliG;fliM;fliN;flgH,crcB;fieF;pcoA;pcoB;pcoC;pcoD;pcoR;pcoS;silA;silB;silC;silE;silF;silP;silR;silS,arsA;arsB;arsC;arsD;arsR;clpK;hdeD-GI;hsp20;kefB-GI;merA;merC;merD;merE;merF;merP;merR;merT;ncrA;ncrB;ncrC;ncrY;pcoE;psi-GI;qacE;qacEdelta1;qacL;shsP;smr;terB;terC;terD;terE;trxLHR;yfdX1;yfdX2,AbiE;Lamassu_family;PD-T4-3;PDC-S04;PDC-S07;PDC-S12;PDC-S21;Retron_I-B;RM_Type_IV;ShosTA;VSPR,AbiC;AbiD;AbiH;AbiL;AbiU;AVAST_II;AVAST_V;Borvo;BREX_I;BstA;Bunzi;CapRel;cas_type-I-E;CBASS_I;CBASS_II;DarTG;DISARM_1;Dnd_ABCDE;Dnd_FGH;Dpd;DRT_1;DRT_2;DRT_3;DRT_4;Druantia_II;Druantia_III;dXTPase;Gabija;GAO_19;Gao_Ape;Hhe;Hachiman_type_I;HEC-01;HEC-04;HEC-05;HEC-06;HEC-08;HEC-09;ietAS;Juk;Kiwa;Lit;mads;Menshen;Mok_Hok_Sok;Mokosh_TypeI;Mokosh_TypeII;NLR_like;Olokun;Paris;PD-Lambda-1;PD-T4-4;PD-T4-5;PD-T4-6;PD-T7-1;PD-T7-2;PD-T7-4;PD-T7-1or5;PDC-S02;PDC-S05;PDC-S06;PDC-S08;PDC-S09;PDC-S11;PDC-S13;PDC-S15;PDC-S20;PDC-S25;PDC-S26;PDC-S29;PDC-S31;PDC-S33;PDC-S36;PDC-S39;PDC-S45;PDC-S47;PDC-S60;PDC-S66;PDC-S67;PDC_M01;PDC-M03;PDC-M04;PDC-M06;PDC-M09;PDC-M18;PDC-M26;PDC-M29;PDC-M38;PDC-M40;PDC-M54;PDC-M62;PDC-M63;PDC-M66;PfiAT;PifA;ppl;PrrC;Pycsar_effector;Radar;Retron_I_A;Retron_I_C;Retron_II-A;Retron_III;Retron_III-A;RIoC;RM_Type_I;RM_Type_II;RM_Type_IIG;RM_Type_III;RosmerTA;Rst_3HP;Rst_TIR-NLR;SanaTA;SEFIR;Septu_type_I;Shango;Shedu;SoFic;tmn;Uzume;Wadjet_I;Zorya_TypeI,Beta-lactam;Phenicol;Fosfomycin;Quinolone,Amikacin;Gentamicin;Tobramycin;Aminoglycoside;Hygromycin;Kanamycin;Streptomycin;Chloramphenicol;Florfenicol;Rifamycin;Trimethoprim;Carbapenem;Cephalosporin;Bleomycin;Macrolide;Streptothricin;Sulfonamide;Tetracycline,Amoxicillin;Piperacillin;Colistin;Ampicillin,,Amikacin;Gentamicin;Tobramycin;Piperacillin/Tazobactam;Ceftazidime;Meropenem;Imipenem;Ciprofloxacin;Levofloxacin,Roth37;Roth39;Roth49;Roth50;Roth08;Roth74;Roth75;Roth42;Roth87;Roth24;Roth30;Roth44;Roth71;Roth84;Roth10;Roth83;Roth09;Roth93;Roth85;Roth61;Roth47;Roth96;Roth72;Roth88;Roth27;Roth22;Roth90;Roth26;Roth41;Roth23;Roth19;Roth20;Roth80,RothD;Roth32;RothG;RothJ;RothI;Roth17;Roth21;Roth51;Roth66;Roth68;Roth76;Roth34;Roth79;Roth01,Roth04;Roth78;Roth67;Roth77;Roth16,Roth37;Roth39;Roth49;Roth50;Roth08;Roth74;Roth75;Roth42;Roth87;Roth24;Roth30;Roth44;Roth71;Roth84;Roth10;Roth83;Roth09;Roth93;Roth85;Roth61;Roth47;Roth96;Roth72;Roth88;Roth27;Roth22;Roth90;Roth26;Roth41;Roth23;Roth20,RothD;Roth32;RothG;RothJ;RothI;Roth19;Roth04;Roth78;Roth67;Roth77;Roth16;Roth17;Roth21;Roth51;Roth80;Roth66;Roth68;Roth76;Roth34;Roth79;Roth01,,,,,NCTC7427
KPUK02,Klebsiella pneumoniae,JBELWG000000000,,KL2,K2,O2v1,O1ab,ST86,No,No,No,astA;iroB;iroC;iroD;iroN;iucA;iucB;iucC;iutA;peg-344;rmpA;rmpA2;rmpC;rmpD;yagV;yagW;yagX;yagY;yagZ;ykgK;ompA;entA;entB;fepC,mchF;ybtP;ybtQ;ybtX;ybtS;ybtA;ybtE;ybtT;ybtU;fyuA;irp1;irp2;entE;espX5;fepD;fepG;fliG;fliM;fliN;flgH,crcB;fieF;pcoA;pcoB;pcoC;pcoD;pcoR;pcoS;silA;silB;silC;silE;silF;silP;silR;silS;terB;terC;terD;terE,arsA;arsB;arsC;arsD;arsR;clpK;hdeD-GI;hsp20;kefB-GI;merA;merC;merD;merE;merF;merP;merR;merT;ncrA;ncrB;ncrC;ncrY;pcoE;psi-GI;qacE;qacEdelta1;qacL;shsP;smr;trxLHR;yfdX1;yfdX2,AbiE;Mok_Hok_Sok;PD-T4-3;PDC-S02;PDC-S04;PDC-S07;PDC-S12;PifA;RM_Type_I;RM_Type_IIG;RM_Type_IV;SanaTA;ShosTA;VSPR,AbiC;AbiD;AbiH;AbiL;AbiU;AVAST_II;AVAST_V;Borvo;BREX_I;BstA;Bunzi;CapRel;cas_type-I-E;CBASS_I;CBASS_II;DarTG;DISARM_1;Dnd_ABCDE;Dnd_FGH;Dpd;DRT_1;DRT_2;DRT_3;DRT_4;Druantia_II;Druantia_III;dXTPase;Gabija;GAO_19;Gao_Ape;Hhe;Hachiman_type_I;HEC-01;HEC-04;HEC-05;HEC-06;HEC-08;HEC-09;ietAS;Juk;Kiwa;Lamassu_family;Lit;mads;Menshen;Mokosh_TypeI;Mokosh_TypeII;NLR_like;Olokun;Paris;PD-Lambda-1;PD-T4-4;PD-T4-5;PD-T4-6;PD-T7-1;PD-T7-2;PD-T7-4;PD-T7-1or5;PDC-S05;PDC-S06;PDC-S08;PDC-S09;PDC-S11;PDC-S13;PDC-S15;PDC-S20;PDC-S21;PDC-S25;PDC-S26;PDC-S29;PDC-S31;PDC-S33;PDC-S36;PDC-S39;PDC-S45;PDC-S47;PDC-S60;PDC-S66;PDC-S67;PDC_M01;PDC-M03;PDC-M04;PDC-M06;PDC-M09;PDC-M18;PDC-M26;PDC-M29;PDC-M38;PDC-M40;PDC-M54;PDC-M62;PDC-M63;PDC-M66;PfiAT;ppl;PrrC;Pycsar_effector;Radar;Retron_I_A;Retron_I-B;Retron_I_C;Retron_II-A;Retron_III;Retron_III-A;RIoC;RM_Type_II;RM_Type_III;RosmerTA;Rst_3HP;Rst_TIR-NLR;SEFIR;Septu_type_I;Shango;Shedu;SoFic;tmn;Uzume;Wadjet_I;Zorya_TypeI,Beta-lactam;Phenicol;Fosfomycin;Quinolone,Amikacin;Gentamicin;Tobramycin;Aminoglycoside;Hygromycin;Kanamycin;Streptomycin;Chloramphenicol;Florfenicol;Rifamycin;Trimethoprim;Carbapenem;Cephalosporin;Bleomycin;Macrolide;Streptothricin;Sulfonamide;Tetracycline,Gentamicin;Tobramycin;Amoxicillin;Piperacillin;Ceftazidime;Ciprofloxacin;Levofloxacin;Ampicillin,,Amikacin;Piperacillin/Tazobactam;Meropenem;Imipenem;Colistin,,Roth37;Roth39;Roth49;Roth50;Roth08;Roth74;Roth75;Roth42;Roth87;Roth24;Roth30;Roth44;Roth71;Roth84;Roth10;Roth83;Roth09;Roth93;Roth85;Roth61;Roth47;Roth96;Roth72;RothD;Roth32;RothG;RothJ;RothI;Roth88;Roth27;Roth22;Roth90;Roth26;Roth41;Roth23;Roth19;Roth20;Roth04;Roth78;Roth67;Roth77;Roth16;Roth17;Roth21;Roth51;Roth80;Roth66;Roth68;Roth76;Roth34;Roth79;Roth01,,,Roth37;Roth39;Roth49;Roth50;Roth08;Roth74;Roth75;Roth42;Roth87;Roth24;Roth30;Roth44;Roth71;Roth84;Roth10;Roth83;Roth09;Roth93;Roth85;Roth61;Roth47;Roth96;Roth72;RothD;Roth32;RothG;RothJ;RothI;Roth88;Roth27;Roth22;Roth90;Roth26;Roth41;Roth23;Roth19;Roth20;Roth04;Roth78;Roth67;Roth77;Roth16;Roth17;Roth21;Roth51;Roth80;Roth66;Roth68;Roth76;Roth34;Roth79;Roth01,,,,,KPUK02
L0644,Klebsiella pneumoniae,JBJHZA000000000,The Netherlands,KL10,K10,O3/O3a,O3/O3a,ST63-2LV,No,No,No,ybtP;ybtQ;ybtX;ybtS;ybtA;ybtT;yagV;yagW;yagX;yagY;yagZ;ykgK;ompA;fyuA;entA;entB;fepC,astA;iroB;iroC;iroD;iroN;iucA;iucB;iucC;iutA;mchF;peg-344;rmpA;rmpA2;rmpC;rmpD;ybtE;ybtU;irp1;irp2;entE;espX5;fepD;fepG;fliG;fliM;fliN;flgH,arsA;arsC;arsD;arsR;fieF;hsp20;pcoB;pcoC;pcoD;pcoE;pcoR;pcoS;silA;silB;silC;silE;silF;silP;silR;silS,arsB;clpK;crcB;hdeD-GI;kefB-GI;merA;merC;merD;merE;merF;merP;merR;merT;ncrA;ncrB;ncrC;ncrY;pcoA;psi-GI;qacE;qacEdelta1;qacL;shsP;smr;terB;terC;terD;terE;trxLHR;yfdX1;yfdX2,AbiD;AbiE;cas_type-I-E;CBASS_I;Mok_Hok_Sok;PD-T4-3;PDC-S02;PDC-S04;PDC-S07;PDC-S12;PDC-S13;PDC-S15;PDC-S31;RM_Type_I;RM_Type_II;RM_Type_IIG;RM_Type_IV;SoFic;VSPR,AbiC;AbiH;AbiL;AbiU;AVAST_II;AVAST_V;Borvo;BREX_I;BstA;Bunzi;CapRel;CBASS_II;DarTG;DISARM_1;Dnd_ABCDE;Dnd_FGH;Dpd;DRT_1;DRT_2;DRT_3;DRT_4;Druantia_II;Druantia_III;dXTPase;Gabija;GAO_19;Gao_Ape;Hhe;Hachiman_type_I;HEC-01;HEC-04;HEC-05;HEC-06;HEC-08;HEC-09;ietAS;Juk;Kiwa;Lamassu_family;Lit;mads;Menshen;Mokosh_TypeI;Mokosh_TypeII;NLR_like;Olokun;Paris;PD-Lambda-1;PD-T4-4;PD-T4-5;PD-T4-6;PD-T7-1;PD-T7-2;PD-T7-4;PD-T7-1or5;PDC-S05;PDC-S06;PDC-S08;PDC-S09;PDC-S11;PDC-S20;PDC-S21;PDC-S25;PDC-S26;PDC-S29;PDC-S33;PDC-S36;PDC-S39;PDC-S45;PDC-S47;PDC-S60;PDC-S66;PDC-S67;PDC_M01;PDC-M03;PDC-M04;PDC-M06;PDC-M09;PDC-M18;PDC-M26;PDC-M29;PDC-M38;PDC-M40;PDC-M54;PDC-M62;PDC-M63;PDC-M66;PfiAT;PifA;ppl;PrrC;Pycsar_effector;Radar;Retron_I_A;Retron_I-B;Retron_I_C;Retron_II-A;Retron_III;Retron_III-A;RIoC;RM_Type_III;RosmerTA;Rst_3HP;Rst_TIR-NLR;SanaTA;SEFIR;Septu_type_I;Shango;Shedu;ShosTA;tmn;Uzume;Wadjet_I;Zorya_TypeI,Streptomycin;Trimethoprim;Beta-lactam;Cephalosporin;Phenicol;Fosfomycin;Quinolone;Sulfonamide;Tetracycline,Amikacin;Gentamicin;Tobramycin;Aminoglycoside;Hygromycin;Kanamycin;Chloramphenicol;Florfenicol;Rifamycin;Carbapenem;Bleomycin;Macrolide;Streptothricin,Amoxicillin;Ampicillin,,Amikacin;Gentamicin;Tobramycin;Piperacillin;Piperacillin/Tazobactam;Ceftazidime;Meropenem;Imipenem;Ciprofloxacin;Levofloxacin;Colistin,,Roth37;Roth39;Roth49;Roth50;Roth08;Roth74;Roth75;Roth42;Roth87;Roth24;Roth30;Roth44;Roth71;Roth84;Roth10;Roth83;Roth09;Roth93;Roth85;Roth61;Roth47;Roth96;Roth72;RothD;Roth32;RothG;RothJ;RothI;Roth88;Roth27;Roth22;Roth90;Roth26;Roth41;Roth23;Roth19;Roth20;Roth04;Roth78;Roth67;Roth77;Roth16;Roth17;Roth21;Roth51;Roth80;Roth66;Roth68;Roth76;Roth34;Roth79;Roth01,,,Roth37;Roth39;Roth49;Roth50;Roth08;Roth74;Roth75;Roth42;Roth87;Roth24;Roth30;Roth44;Roth71;Roth84;Roth10;Roth83;Roth09;Roth93;Roth85;Roth61;Roth47;Roth96;Roth72;RothD;Roth32;RothG;RothJ;RothI;Roth88;Roth27;Roth22;Roth90;Roth26;Roth41;Roth23;Roth19;Roth20;Roth04;Roth78;Roth67;Roth77;Roth16;Roth17;Roth21;Roth51;Roth80;Roth66;Roth68;Roth76;Roth34;Roth79;Roth01,,2018-02-06,2018.0,Blood culture,L0644
163895Q,Klebsiella pneumoniae,JBJHZT000000000,United Kingdom,KL24,K24,O1/O2v1,O1ab,ST458,No,No,No,yagV;yagW;yagX;yagY;yagZ;ykgK;ompA;entA;entB;fepC,astA;iroB;iroC;iroD;iroN;iucA;iucB;iucC;iutA;mchF;peg-344;rmpA;rmpA2;rmpC;rmpD;ybtP;ybtQ;ybtX;ybtS;ybtA;ybtE;ybtT;ybtU;fyuA;irp1;irp2;entE;espX5;fepD;fepG;fliG;fliM;fliN;flgH,arsA;arsB;arsC;arsD;arsR;clpK;crcB;fieF;hsp20;pcoA;pcoB;pcoC;pcoD;pcoE;pcoR;pcoS;silA;silB;silC;silE;silF;silP;silR;silS,hdeD-GI;kefB-GI;merA;merC;merD;merE;merF;merP;merR;merT;ncrA;ncrB;ncrC;ncrY;psi-GI;qacE;qacEdelta1;qacL;shsP;smr;terB;terC;terD;terE;trxLHR;yfdX1;yfdX2,AbiU;Hachiman_type_I;Mok_Hok_Sok;PDC-S04;PDC-S06;PDC-S07;PDC-S09;PDC-S12;PDC-S13;RIoC;RM_Type_II;RM_Type_IV;VSPR,AbiC;AbiD;AbiE;AbiH;AbiL;AVAST_II;AVAST_V;Borvo;BREX_I;BstA;Bunzi;CapRel;cas_type-I-E;CBASS_I;CBASS_II;DarTG;DISARM_1;Dnd_ABCDE;Dnd_FGH;Dpd;DRT_1;DRT_2;DRT_3;DRT_4;Druantia_II;Druantia_III;dXTPase;Gabija;GAO_19;Gao_Ape;Hhe;HEC-01;HEC-04;HEC-05;HEC-06;HEC-08;HEC-09;ietAS;Juk;Kiwa;Lamassu_family;Lit;mads;Menshen;Mokosh_TypeI;Mokosh_TypeII;NLR_like;Olokun;Paris;PD-Lambda-1;PD-T4-3;PD-T4-4;PD-T4-5;PD-T4-6;PD-T7-1;PD-T7-2;PD-T7-4;PD-T7-1or5;PDC-S02;PDC-S05;PDC-S08;PDC-S11;PDC-S15;PDC-S20;PDC-S21;PDC-S25;PDC-S26;PDC-S29;PDC-S31;PDC-S33;PDC-S36;PDC-S39;PDC-S45;PDC-S47;PDC-S60;PDC-S66;PDC-S67;PDC_M01;PDC-M03;PDC-M04;PDC-M06;PDC-M09;PDC-M18;PDC-M26;PDC-M29;PDC-M38;PDC-M40;PDC-M54;PDC-M62;PDC-M63;PDC-M66;PfiAT;PifA;ppl;PrrC;Pycsar_effector;Radar;Retron_I_A;Retron_I-B;Retron_I_C;Retron_II-A;Retron_III;Retron_III-A;RM_Type_I;RM_Type_IIG;RM_Type_III;RosmerTA;Rst_3HP;Rst_TIR-NLR;SanaTA;SEFIR;Septu_type_I;Shango;Shedu;ShosTA;SoFic;tmn;Uzume;Wadjet_I;Zorya_TypeI,Beta-lactam;Phenicol;Fosfomycin;Quinolone,Amikacin;Gentamicin;Tobramycin;Aminoglycoside;Hygromycin;Kanamycin;Streptomycin;Chloramphenicol;Florfenicol;Rifamycin;Trimethoprim;Carbapenem;Cephalosporin;Bleomycin;Macrolide;Streptothricin;Sulfonamide;Tetracycline,Amoxicillin;Piperacillin;Ampicillin,,Amikacin;Gentamicin;Tobramycin;Piperacillin/Tazobactam;Ceftazidime;Meropenem;Imipenem;Ciprofloxacin;Levofloxacin;Colistin,Roth16;Roth17;Roth21,Roth37;Roth39;Roth49;Roth50;Roth08;Roth74;Roth75;Roth42;Roth87;Roth24;Roth30;Roth44;Roth71;Roth84;Roth10;Roth83;Roth09;Roth93;Roth85;Roth61;Roth47;Roth96;Roth72;RothD;Roth32;RothG;RothJ;RothI;Roth88;Roth27;Roth22;Roth90;Roth26;Roth41;Roth23;Roth19;Roth20;Roth04;Roth78;Roth67;Roth77;Roth01,Roth51;Roth80;Roth66;Roth68;Roth76;Roth34;Roth79,,Roth37;Roth39;Roth49;Roth50;Roth08;Roth74;Roth75;Roth42;Roth87;Roth24;Roth30;Roth44;Roth71;Roth84;Roth10;Roth83;Roth09;Roth93;Roth85;Roth61;Roth47;Roth96;Roth72;RothD;Roth32;RothG;RothJ;RothI;Roth88;Roth27;Roth22;Roth90;Roth26;Roth41;Roth23;Roth19;Roth20;Roth04;Roth78;Roth67;Roth77;Roth51;Roth80;Roth76;Roth79,Roth16;Roth17;Roth21;Roth66;Roth68;Roth34;Roth01,,,,163895Q
L0747,Klebsiella pneumoniae,JBJHYY000000000,The Netherlands,KL125,unknown (KL125),O3b,O3b,ST2459,No,No,No,yagV;yagW;yagY;yagZ;ykgK;ompA;entA;entB;fepC,astA;iroB;iroC;iroD;iroN;iucA;iucB;iucC;iutA;mchF;peg-344;rmpA;rmpA2;rmpC;rmpD;ybtP;ybtQ;ybtX;ybtS;ybtA;ybtE;ybtT;ybtU;yagX;fyuA;irp1;irp2;entE;espX5;fepD;fepG;fliG;fliM;fliN;flgH,fieF,arsA;arsB;arsC;arsD;arsR;clpK;crcB;hdeD-GI;hsp20;kefB-GI;merA;merC;merD;merE;merF;merP;merR;merT;ncrA;ncrB;ncrC;ncrY;pcoA;pcoB;pcoC;pcoD;pcoE;pcoR;pcoS;psi-GI;qacE;qacEdelta1;qacL;shsP;silA;silB;silC;silE;silF;silP;silR;silS;smr;terB;terC;terD;terE;trxLHR;yfdX1;yfdX2,AbiE;Hachiman_type_I;HEC-04;Mokosh_TypeII;Olokun;PDC-S04;PDC-S07;PDC-S12;PDC-S13;RM_Type_I;RM_Type_II;SoFic;VSPR,AbiC;AbiD;AbiH;AbiL;AbiU;AVAST_II;AVAST_V;Borvo;BREX_I;BstA;Bunzi;CapRel;cas_type-I-E;CBASS_I;CBASS_II;DarTG;DISARM_1;Dnd_ABCDE;Dnd_FGH;Dpd;DRT_1;DRT_2;DRT_3;DRT_4;Druantia_II;Druantia_III;dXTPase;Gabija;GAO_19;Gao_Ape;Hhe;HEC-01;HEC-05;HEC-06;HEC-08;HEC-09;ietAS;Juk;Kiwa;Lamassu_family;Lit;mads;Menshen;Mok_Hok_Sok;Mokosh_TypeI;NLR_like;Paris;PD-Lambda-1;PD-T4-3;PD-T4-4;PD-T4-5;PD-T4-6;PD-T7-1;PD-T7-2;PD-T7-4;PD-T7-1or5;PDC-S02;PDC-S05;PDC-S06;PDC-S08;PDC-S09;PDC-S11;PDC-S15;PDC-S20;PDC-S21;PDC-S25;PDC-S26;PDC-S29;PDC-S31;PDC-S33;PDC-S36;PDC-S39;PDC-S45;PDC-S47;PDC-S60;PDC-S66;PDC-S67;PDC_M01;PDC-M03;PDC-M04;PDC-M06;PDC-M09;PDC-M18;PDC-M26;PDC-M29;PDC-M38;PDC-M40;PDC-M54;PDC-M62;PDC-M63;PDC-M66;PfiAT;PifA;ppl;PrrC;Pycsar_effector;Radar;Retron_I_A;Retron_I-B;Retron_I_C;Retron_II-A;Retron_III;Retron_III-A;RIoC;RM_Type_IIG;RM_Type_III;RM_Type_IV;RosmerTA;Rst_3HP;Rst_TIR-NLR;SanaTA;SEFIR;Septu_type_I;Shango;Shedu;ShosTA;tmn;Uzume;Wadjet_I;Zorya_TypeI,Beta-lactam;Phenicol;Fosfomycin;Quinolone,Amikacin;Gentamicin;Tobramycin;Aminoglycoside;Hygromycin;Kanamycin;Streptomycin;Chloramphenicol;Florfenicol;Rifamycin;Trimethoprim;Carbapenem;Cephalosporin;Bleomycin;Macrolide;Streptothricin;Sulfonamide;Tetracycline,Amoxicillin;Ampicillin,,Amikacin;Gentamicin;Tobramycin;Piperacillin;Piperacillin/Tazobactam;Ceftazidime;Meropenem;Imipenem;Ciprofloxacin;Levofloxacin;Colistin,,Roth37;Roth49;Roth50;Roth08;Roth74;Roth75;Roth42;Roth87;Roth24;Roth30;Roth44;Roth71;Roth84;Roth10;Roth83;Roth09;Roth93;Roth85;Roth61;Roth47;Roth96;Roth72;RothD;Roth32;RothG;RothJ;RothI;Roth88;Roth27;Roth22;Roth90;Roth41;Roth23;Roth19;Roth20;Roth04;Roth78;Roth67;Roth77;Roth16;Roth17;Roth21;Roth51;Roth80;Roth66;Roth68;Roth76;Roth34;Roth79;Roth01,Roth39;Roth26,,Roth37;Roth39;Roth49;Roth50;Roth08;Roth74;Roth75;Roth42;Roth87;Roth24;Roth30;Roth44;Roth71;Roth84;Roth10;Roth83;Roth09;Roth93;Roth85;Roth61;Roth47;Roth96;Roth72;RothD;Roth32;RothG;RothJ;RothI;Roth88;Roth27;Roth22;Roth90;Roth26;Roth41;Roth23;Roth19;Roth20;Roth04;Roth78;Roth67;Roth77;Roth16;Roth17;Roth21;Roth51;Roth80;Roth66;Roth68;Roth76;Roth34;Roth79;Roth01,,2018-02-11,2018.0,Blood culture,L0747
922221W,Klebsiella pneumoniae,JBJHZN000000000,United Kingdom,KL81,K81,OL101,O13,ST319-1LV,No,No,No,ybtP;ybtQ;ybtX;ybtS;ybtA;ybtE;ybtT;ybtU;yagV;yagW;yagX;yagY;yagZ;ykgK;ompA;fyuA;irp1;irp2;entA;entB;fepC,astA;iroB;iroC;iroD;iroN;iucA;iucB;iucC;iutA;mchF;peg-344;rmpA;rmpA2;rmpC;rmpD;entE;espX5;fepD;fepG;fliG;fliM;fliN;flgH,fieF;terB;terC;terD;terE,arsA;arsB;arsC;arsD;arsR;clpK;crcB;hdeD-GI;hsp20;kefB-GI;merA;merC;merD;merE;merF;merP;merR;merT;ncrA;ncrB;ncrC;ncrY;pcoA;pcoB;pcoC;pcoD;pcoE;pcoR;pcoS;psi-GI;qacE;qacEdelta1;qacL;shsP;silA;silB;silC;silE;silF;silP;silR;silS;smr;trxLHR;yfdX1;yfdX2,AbiE;AbiU;BREX_I;DarTG;Hachiman_type_I;HEC-05;Lamassu_family;Menshen;Mok_Hok_Sok;Mokosh_TypeII;Paris;PDC-S02;PDC-S04;PDC-S07;PDC-S12;PDC-S13;PDC-M63;Retron_I_A;RM_Type_IV;SoFic;VSPR,AbiC;AbiD;AbiH;AbiL;AVAST_II;AVAST_V;Borvo;BstA;Bunzi;CapRel;cas_type-I-E;CBASS_I;CBASS_II;DISARM_1;Dnd_ABCDE;Dnd_FGH;Dpd;DRT_1;DRT_2;DRT_3;DRT_4;Druantia_II;Druantia_III;dXTPase;Gabija;GAO_19;Gao_Ape;Hhe;HEC-01;HEC-04;HEC-06;HEC-08;HEC-09;ietAS;Juk;Kiwa;Lit;mads;Mokosh_TypeI;NLR_like;Olokun;PD-Lambda-1;PD-T4-3;PD-T4-4;PD-T4-5;PD-T4-6;PD-T7-1;PD-T7-2;PD-T7-4;PD-T7-1or5;PDC-S05;PDC-S06;PDC-S08;PDC-S09;PDC-S11;PDC-S15;PDC-S20;PDC-S21;PDC-S25;PDC-S26;PDC-S29;PDC-S31;PDC-S33;PDC-S36;PDC-S39;PDC-S45;PDC-S47;PDC-S60;PDC-S66;PDC-S67;PDC_M01;PDC-M03;PDC-M04;PDC-M06;PDC-M09;PDC-M18;PDC-M26;PDC-M29;PDC-M38;PDC-M40;PDC-M54;PDC-M62;PDC-M66;PfiAT;PifA;ppl;PrrC;Pycsar_effector;Radar;Retron_I-B;Retron_I_C;Retron_II-A;Retron_III;Retron_III-A;RIoC;RM_Type_I;RM_Type_II;RM_Type_IIG;RM_Type_III;RosmerTA;Rst_3HP;Rst_TIR-NLR;SanaTA;SEFIR;Septu_type_I;Shango;Shedu;ShosTA;tmn;Uzume;Wadjet_I;Zorya_TypeI,Beta-lactam;Phenicol;Fosfomycin;Quinolone,Amikacin;Gentamicin;Tobramycin;Aminoglycoside;Hygromycin;Kanamycin;Streptomycin;Chloramphenicol;Florfenicol;Rifamycin;Trimethoprim;Carbapenem;Cephalosporin;Bleomycin;Macrolide;Streptothricin;Sulfonamide;Tetracycline,Amoxicillin;Piperacillin;Piperacillin/Tazobactam;Ampicillin,,Amikacin;Gentamicin;Tobramycin;Ceftazidime;Meropenem;Imipenem;Ciprofloxacin;Levofloxacin;Colistin,Roth27;Roth22;Roth26;Roth41,Roth37;Roth39;Roth49;Roth50;Roth08;Roth74;Roth75;Roth42;Roth87;Roth24;Roth30;Roth44;Roth71;Roth84;Roth10;Roth83;Roth09;Roth93;Roth85;Roth61;Roth47;Roth96;Roth72;RothD;Roth32;RothG;RothJ;RothI;Roth88;Roth90;Roth23;Roth19;Roth20;Roth04;Roth78;Roth67;Roth77;Roth16;Roth17;Roth21;Roth51;Roth80;Roth66;Roth68;Roth76;Roth34;Roth79;Roth01,,,Roth37;Roth39;Roth49;Roth50;Roth08;Roth74;Roth75;Roth42;Roth87;Roth24;Roth30;Roth44;Roth71;Roth84;Roth10;Roth83;Roth09;Roth93;Roth85;Roth61;Roth47;Roth96;Roth72;RothD;Roth32;RothG;RothJ;RothI;Roth88;Roth90;Roth23;Roth19;Roth20;Roth04;Roth78;Roth67;Roth77;Roth16;Roth17;Roth21;Roth51;Roth80;Roth66;Roth68;Roth34;Roth79;Roth01,Roth27;Roth22;Roth26;Roth41;Roth76,,,,922221W
L1522,Klebsiella pneumoniae,JBJHYW000000000,The Netherlands,KL113,unknown (KL113),O3b,O3b,ST240-3LV,No,No,No,ybtQ;yagY;entA;entB,astA;iroB;iroC;iroD;iroN;iucA;iucB;iucC;iutA;mchF;peg-344;rmpA;rmpA2;rmpC;rmpD;ybtP;ybtX;ybtS;ybtA;ybtE;ybtT;ybtU;yagV;yagW;yagX;yagZ;ykgK;ompA;fyuA;irp1;irp2;entE;espX5;fepC;fepD;fepG;fliG;fliM;fliN;flgH,arsA;arsB;arsC;arsD;arsR;clpK;fieF;hdeD-GI;hsp20;kefB-GI;pcoA;pcoB;pcoC;pcoD;pcoR;pcoS;psi-GI;qacEdelta1;shsP;silA;silB;silC;silE;silF;silP;silR;silS;terB;terC;terD;terE;trxLHR;yfdX1;yfdX2,crcB;merA;merC;merD;merE;merF;merP;merR;merT;ncrA;ncrB;ncrC;ncrY;pcoE;qacE;qacL;smr,BREX_I;BstA;DRT_1;DRT_2;DRT_4;Gabija;Hachiman_type_I;HEC-04;Mok_Hok_Sok;Mokosh_TypeI;Mokosh_TypeII;Olokun;Paris;PD-T4-3;PD-T4-5;PDC-S02;PDC-S07;PDC-S12;PDC-S20;PDC-S29;PDC-S31;Retron_II-A;Retron_III;Retron_III-A;RM_Type_I;RM_Type_II;RM_Type_IV;SoFic;VSPR,AbiC;AbiD;AbiE;AbiH;AbiL;AbiU;AVAST_II;AVAST_V;Borvo;Bunzi;CapRel;cas_type-I-E;CBASS_I;CBASS_II;DarTG;DISARM_1;Dnd_ABCDE;Dnd_FGH;Dpd;DRT_3;Druantia_II;Druantia_III;dXTPase;GAO_19;Gao_Ape;Hhe;HEC-01;HEC-05;HEC-06;HEC-08;HEC-09;ietAS;Juk;Kiwa;Lamassu_family;Lit;mads;Menshen;NLR_like;PD-Lambda-1;PD-T4-4;PD-T4-6;PD-T7-1;PD-T7-2;PD-T7-4;PD-T7-1or5;PDC-S04;PDC-S05;PDC-S06;PDC-S08;PDC-S09;PDC-S11;PDC-S13;PDC-S15;PDC-S21;PDC-S25;PDC-S26;PDC-S33;PDC-S36;PDC-S39;PDC-S45;PDC-S47;PDC-S60;PDC-S66;PDC-S67;PDC_M01;PDC-M03;PDC-M04;PDC-M06;PDC-M09;PDC-M18;PDC-M26;PDC-M29;PDC-M38;PDC-M40;PDC-M54;PDC-M62;PDC-M63;PDC-M66;PfiAT;PifA;ppl;PrrC;Pycsar_effector;Radar;Retron_I_A;Retron_I-B;Retron_I_C;RIoC;RM_Type_IIG;RM_Type_III;RosmerTA;Rst_3HP;Rst_TIR-NLR;SanaTA;SEFIR;Septu_type_I;Shango;Shedu;ShosTA;tmn;Uzume;Wadjet_I;Zorya_TypeI,Trimethoprim;Beta-lactam;Phenicol;Fosfomycin;Quinolone;Sulfonamide;Tetracycline,Amikacin;Gentamicin;Tobramycin;Aminoglycoside;Hygromycin;Kanamycin;Streptomycin;Chloramphenicol;Florfenicol;Rifamycin;Carbapenem;Cephalosporin;Bleomycin;Macrolide;Streptothricin,Amoxicillin;Ampicillin,,Amikacin;Gentamicin;Tobramycin;Piperacillin;Piperacillin/Tazobactam;Ceftazidime;Meropenem;Imipenem;Ciprofloxacin;Levofloxacin;Colistin,Roth93;Roth88;Roth27;Roth22;Roth26;Roth41;Roth23,Roth37;Roth39;Roth49;Roth50;Roth08;Roth74;Roth75;Roth42;Roth87;Roth24;Roth30;Roth44;Roth71;Roth84;Roth10;Roth83;Roth09;Roth85;Roth61;Roth47;Roth96;Roth72;RothD;Roth32;RothG;RothJ;RothI;Roth90;Roth19;Roth20;Roth78;Roth67;Roth77;Roth17;Roth21;Roth51;Roth80;Roth66;Roth68;Roth76;Roth34;Roth79;Roth01,Roth04;Roth16,Roth88;Roth27;Roth22;Roth90;Roth26;Roth41;Roth23,Roth37;Roth39;Roth49;Roth50;Roth08;Roth74;Roth75;Roth42;Roth87;Roth24;Roth30;Roth44;Roth71;Roth84;Roth10;Roth83;Roth09;Roth93;Roth85;Roth61;Roth47;Roth96;Roth72;RothD;Roth32;RothG;RothJ;RothI;Roth19;Roth20;Roth04;Roth78;Roth67;Roth77;Roth16;Roth17;Roth51;Roth80;Roth66;Roth68;Roth76;Roth34;Roth79;Roth01,Roth21,2018-04-10,2018.0,Blood culture,L1522
L0738,Klebsiella pneumoniae,JBJHYZ000000000,The Netherlands,KL10,K10,O3b,O3b,ST15-4LV,No,No,No,ybtP;ybtQ;ybtX;ybtS;ybtA;ybtE;ybtT;ybtU;yagY;ykgK;fyuA;irp1;irp2,astA;iroB;iroC;iroD;iroN;iucA;iucB;iucC;iutA;mchF;peg-344;rmpA;rmpA2;rmpC;rmpD;yagV;yagW;yagX;yagZ;ompA;entA;entB;entE;espX5;fepC;fepD;fepG;fliG;fliM;fliN;flgH,arsA;arsB;arsC;arsD;arsR;clpK;hdeD-GI;hsp20;kefB-GI;pcoA;pcoB;pcoC;pcoD;pcoE;pcoR;qacEdelta1;silA;silB;silC;silE;silF;silP;silR;silS;terB;terC;terD;terE;trxLHR,crcB;fieF;merA;merC;merD;merE;merF;merP;merR;merT;ncrA;ncrB;ncrC;ncrY;pcoS;psi-GI;qacE;qacL;shsP;smr;yfdX1;yfdX2,AbiE;BREX_I;BstA;cas_type-I-E;DarTG;DRT_1;DRT_2;DRT_4;Gabija;Hachiman_type_I;HEC-04;Kiwa;Lamassu_family;Mok_Hok_Sok;Mokosh_TypeII;Olokun;Paris;PD-T4-3;PD-T7-1;PD-T7-1or5;PDC-S02;PDC-S04;PDC-S07;PDC-S12;PDC-S20;PDC-S21;PDC-S31;PDC-S36;PDC-S66;PDC-M04;PDC-M38;Retron_I-B;Retron_II-A;RM_Type_I;RM_Type_II;RM_Type_IIG;RM_Type_IV;Rst_TIR-NLR;SanaTA;Shango;SoFic;tmn;VSPR,AbiC;AbiD;AbiH;AbiL;AbiU;AVAST_II;AVAST_V;Borvo;Bunzi;CapRel;CBASS_I;CBASS_II;DISARM_1;Dnd_ABCDE;Dnd_FGH;Dpd;DRT_3;Druantia_II;Druantia_III;dXTPase;GAO_19;Gao_Ape;Hhe;HEC-01;HEC-05;HEC-06;HEC-08;HEC-09;ietAS;Juk;Lit;mads;Menshen;Mokosh_TypeI;NLR_like;PD-Lambda-1;PD-T4-4;PD-T4-5;PD-T4-6;PD-T7-2;PD-T7-4;PDC-S05;PDC-S06;PDC-S08;PDC-S09;PDC-S11;PDC-S13;PDC-S15;PDC-S25;PDC-S26;PDC-S29;PDC-S33;PDC-S39;PDC-S45;PDC-S47;PDC-S60;PDC-S67;PDC_M01;PDC-M03;PDC-M06;PDC-M09;PDC-M18;PDC-M26;PDC-M29;PDC-M40;PDC-M54;PDC-M62;PDC-M63;PDC-M66;PfiAT;PifA;ppl;PrrC;Pycsar_effector;Radar;Retron_I_A;Retron_I_C;Retron_III;Retron_III-A;RIoC;RM_Type_III;RosmerTA;Rst_3HP;SEFIR;Septu_type_I;Shedu;ShosTA;Uzume;Wadjet_I;Zorya_TypeI,Amikacin;Gentamicin;Tobramycin;Kanamycin;Streptomycin;Trimethoprim;Beta-lactam;Carbapenem;Cephalosporin;Macrolide;Fosfomycin;Quinolone;Sulfonamide;Tetracycline,Aminoglycoside;Hygromycin;Chloramphenicol;Florfenicol;Rifamycin;Bleomycin;Streptothricin;Phenicol,Gentamicin;Tobramycin;Amoxicillin;Piperacillin;Piperacillin/Tazobactam;Ceftazidime;Meropenem;Imipenem;Ciprofloxacin;Levofloxacin;Ampicillin,,Amikacin;Colistin,,Roth37;Roth39;Roth49;Roth50;Roth08;Roth74;Roth75;Roth42;Roth87;Roth24;Roth30;Roth44;Roth71;Roth84;Roth10;Roth83;Roth09;Roth93;Roth85;Roth61;Roth47;Roth96;Roth72;RothD;Roth32;RothG;RothJ;RothI;Roth88;Roth27;Roth22;Roth90;Roth26;Roth41;Roth23;Roth19;Roth04;Roth17;Roth21;Roth51;Roth34,Roth20;Roth78;Roth67;Roth77;Roth16;Roth80;Roth66;Roth68;Roth76;Roth79;Roth01,,Roth37;Roth39;Roth49;Roth50;Roth08;Roth74;Roth75;Roth42;Roth87;Roth24;Roth30;Roth44;Roth71;Roth84;Roth10;Roth83;Roth09;Roth93;Roth85;Roth61;Roth47;Roth96;Roth72;RothD;Roth32;RothG;RothJ;RothI;Roth88;Roth27;Roth22;Roth90;Roth26;Roth41;Roth23;Roth19;Roth20;Roth04;Roth78;Roth67;Roth77;Roth16;Roth17;Roth21;Roth51;Roth80;Roth66;Roth68;Roth76;Roth34;Roth79;Roth01,,2018-02-05,2018.0,Blood culture,L0738
TW3,Klebsiella pneumoniae,JBELWB000000000,,KL1,K1,O1/O2v2,O1ab,ST23,Yes,No,No,iroB;iroC;iroD;iroN;iucA;iucB;iucC;iutA;mchF;peg-344;rmpA;rmpA2;rmpC;rmpD;ybtP;ybtQ;ybtX;ybtS;ybtA;ybtE;ybtT;ybtU;yagV;yagW;yagX;yagY;yagZ;ykgK;ompA;fyuA;irp1;irp2;entA;entB;fepC,astA;entE;espX5;fepD;fepG;fliG;fliM;fliN;flgH,fieF;pcoA;pcoB;pcoC;pcoD;pcoR;pcoS;silA;silB;silC;silE;silF;silP;silR;silS;terB;terC;terD;terE,arsA;arsB;arsC;arsD;arsR;clpK;crcB;hdeD-GI;hsp20;kefB-GI;merA;merC;merD;merE;merF;merP;merR;merT;ncrA;ncrB;ncrC;ncrY;pcoE;psi-GI;qacE;qacEdelta1;qacL;shsP;smr;trxLHR;yfdX1;yfdX2,cas_type-I-E;DISARM_1;DRT_2;Gabija;Kiwa;Mokosh_TypeI;PD-T4-5;PDC-S04;PDC-S07;PDC-S12;PDC-S13;PifA;RM_Type_II;RM_Type_III;RM_Type_IV;SoFic;VSPR,AbiC;AbiD;AbiE;AbiH;AbiL;AbiU;AVAST_II;AVAST_V;Borvo;BREX_I;BstA;Bunzi;CapRel;CBASS_I;CBASS_II;DarTG;Dnd_ABCDE;Dnd_FGH;Dpd;DRT_1;DRT_3;DRT_4;Druantia_II;Druantia_III;dXTPase;GAO_19;Gao_Ape;Hhe;Hachiman_type_I;HEC-01;HEC-04;HEC-05;HEC-06;HEC-08;HEC-09;ietAS;Juk;Lamassu_family;Lit;mads;Menshen;Mok_Hok_Sok;Mokosh_TypeII;NLR_like;Olokun;Paris;PD-Lambda-1;PD-T4-3;PD-T4-4;PD-T4-6;PD-T7-1;PD-T7-2;PD-T7-4;PD-T7-1or5;PDC-S02;PDC-S05;PDC-S06;PDC-S08;PDC-S09;PDC-S11;PDC-S15;PDC-S20;PDC-S21;PDC-S25;PDC-S26;PDC-S29;PDC-S31;PDC-S33;PDC-S36;PDC-S39;PDC-S45;PDC-S47;PDC-S60;PDC-S66;PDC-S67;PDC_M01;PDC-M03;PDC-M04;PDC-M06;PDC-M09;PDC-M18;PDC-M26;PDC-M29;PDC-M38;PDC-M40;PDC-M54;PDC-M62;PDC-M63;PDC-M66;PfiAT;ppl;PrrC;Pycsar_effector;Radar;Retron_I_A;Retron_I-B;Retron_I_C;Retron_II-A;Retron_III;Retron_III-A;RIoC;RM_Type_I;RM_Type_IIG;RosmerTA;Rst_3HP;Rst_TIR-NLR;SanaTA;SEFIR;Septu_type_I;Shango;Shedu;ShosTA;tmn;Uzume;Wadjet_I;Zorya_TypeI,Beta-lactam;Phenicol;Fosfomycin;Quinolone,Amikacin;Gentamicin;Tobramycin;Aminoglycoside;Hygromycin;Kanamycin;Streptomycin;Chloramphenicol;Florfenicol;Rifamycin;Trimethoprim;Carbapenem;Cephalosporin;Bleomycin;Macrolide;Streptothricin;Sulfonamide;Tetracycline,Amoxicillin;Piperacillin;Ampicillin,,Amikacin;Gentamicin;Tobramycin;Piperacillin/Tazobactam;Ceftazidime;Meropenem;Imipenem;Ciprofloxacin;Levofloxacin;Colistin,,Roth37;Roth39;Roth49;Roth50;Roth08;Roth74;Roth75;Roth42;Roth87;Roth24;Roth30;Roth44;Roth71;Roth84;Roth10;Roth83;Roth09;Roth93;Roth85;Roth61;Roth47;Roth96;Roth72;RothD;Roth32;RothG;RothJ;RothI;Roth88;Roth27;Roth22;Roth90;Roth26;Roth41;Roth23;Roth19;Roth20;Roth04;Roth78;Roth67;Roth77;Roth16;Roth17;Roth21;Roth51;Roth34;Roth01,Roth80;Roth66;Roth68;Roth76;Roth79,,Roth37;Roth39;Roth49;Roth50;Roth08;Roth74;Roth75;Roth42;Roth87;Roth24;Roth30;Roth44;Roth71;Roth84;Roth10;Roth83;Roth09;Roth93;Roth85;Roth61;Roth47;Roth96;Roth72;RothD;Roth32;RothG;RothJ;RothI;Roth88;Roth27;Roth22;Roth90;Roth26;Roth41;Roth23;Roth19;Roth20;Roth04;Roth78;Roth67;Roth77;Roth16;Roth17;Roth21;Roth51;Roth80;Roth66;Roth68;Roth76;Roth34;Roth79;Roth01,,,,,TW3
M6,Klebsiella pneumoniae,JBELWE000000000,United Kingdom,KL1,K1,O1/O2v2,O1ab,ST23,Yes,Yes,Yes,iroB;iroC;iroD;iroN;iucA;iucB;iucC;iutA;peg-344;rmpC;ybtP;ybtQ;ybtX;ybtS;ybtA;ybtE;ybtT;ybtU;yagV;yagW;yagX;yagY;yagZ;ykgK;ompA;fyuA;irp1;irp2;entA;entB;fepC,astA;mchF;rmpA;rmpA2;rmpD;entE;espX5;fepD;fepG;fliG;fliM;fliN;flgH,fieF;pcoA;pcoB;pcoC;pcoD;pcoR;pcoS;silA;silB;silC;silE;silF;silP;silR;silS;terB;terC;terD;terE,arsA;arsB;arsC;arsD;arsR;clpK;crcB;hdeD-GI;hsp20;kefB-GI;merA;merC;merD;merE;merF;merP;merR;merT;ncrA;ncrB;ncrC;ncrY;pcoE;psi-GI;qacE;qacEdelta1;qacL;shsP;smr;trxLHR;yfdX1;yfdX2,cas_type-I-E;DISARM_1;DRT_2;Gabija;ietAS;Kiwa;Mokosh_TypeI;PDC-S04;PDC-S07;PDC-S12;PDC-S13;PifA;RM_Type_II;RM_Type_IV;SoFic;VSPR,AbiC;AbiD;AbiE;AbiH;AbiL;AbiU;AVAST_II;AVAST_V;Borvo;BREX_I;BstA;Bunzi;CapRel;CBASS_I;CBASS_II;DarTG;Dnd_ABCDE;Dnd_FGH;Dpd;DRT_1;DRT_3;DRT_4;Druantia_II;Druantia_III;dXTPase;GAO_19;Gao_Ape;Hhe;Hachiman_type_I;HEC-01;HEC-04;HEC-05;HEC-06;HEC-08;HEC-09;Juk;Lamassu_family;Lit;mads;Menshen;Mok_Hok_Sok;Mokosh_TypeII;NLR_like;Olokun;Paris;PD-Lambda-1;PD-T4-3;PD-T4-4;PD-T4-5;PD-T4-6;PD-T7-1;PD-T7-2;PD-T7-4;PD-T7-1or5;PDC-S02;PDC-S05;PDC-S06;PDC-S08;PDC-S09;PDC-S11;PDC-S15;PDC-S20;PDC-S21;PDC-S25;PDC-S26;PDC-S29;PDC-S31;PDC-S33;PDC-S36;PDC-S39;PDC-S45;PDC-S47;PDC-S60;PDC-S66;PDC-S67;PDC_M01;PDC-M03;PDC-M04;PDC-M06;PDC-M09;PDC-M18;PDC-M26;PDC-M29;PDC-M38;PDC-M40;PDC-M54;PDC-M62;PDC-M63;PDC-M66;PfiAT;ppl;PrrC;Pycsar_effector;Radar;Retron_I_A;Retron_I-B;Retron_I_C;Retron_II-A;Retron_III;Retron_III-A;RIoC;RM_Type_I;RM_Type_IIG;RM_Type_III;RosmerTA;Rst_3HP;Rst_TIR-NLR;SanaTA;SEFIR;Septu_type_I;Shango;Shedu;ShosTA;tmn;Uzume;Wadjet_I;Zorya_TypeI,Beta-lactam;Phenicol;Fosfomycin;Quinolone,Amikacin;Gentamicin;Tobramycin;Aminoglycoside;Hygromycin;Kanamycin;Streptomycin;Chloramphenicol;Florfenicol;Rifamycin;Trimethoprim;Carbapenem;Cephalosporin;Bleomycin;Macrolide;Streptothricin;Sulfonamide;Tetracycline,Amoxicillin;Piperacillin;Ampicillin,,Amikacin;Gentamicin;Tobramycin;Piperacillin/Tazobactam;Ceftazidime;Meropenem;Imipenem;Ciprofloxacin;Levofloxacin;Colistin,Roth32;Roth88;Roth27;Roth22;Roth90;Roth26;Roth41;Roth23;Roth16;Roth17;Roth21;Roth80;Roth66;Roth01,Roth37;Roth39;Roth49;Roth50;Roth08;Roth74;Roth75;Roth42;Roth87;Roth24;Roth30;Roth44;Roth71;Roth84;Roth10;Roth83;Roth09;Roth93;Roth85;Roth61;Roth47;Roth96;Roth72;RothD;RothG;RothJ;RothI;Roth19;Roth20;Roth04;Roth78;Roth67;Roth77;Roth51;Roth34,Roth68;Roth76;Roth79,Roth32;Roth16;Roth51;Roth34;Roth01,Roth37;Roth39;Roth49;Roth50;Roth08;Roth74;Roth75;Roth42;Roth87;Roth24;Roth30;Roth44;Roth71;Roth84;Roth10;Roth83;Roth09;Roth93;Roth85;Roth61;Roth47;Roth96;Roth72;RothD;RothG;RothJ;RothI;Roth27;Roth22;Roth90;Roth26;Roth41;Roth19;Roth20;Roth04;Roth78;Roth67;Roth77;Roth17;Roth21;Roth80;Roth66;Roth68;Roth76;Roth79,Roth88;Roth23,2012,2012.0,,M6
164125A,Klebsiella pneumoniae,JBJHZR000000000,United Kingdom,KL22,K22,O1/O2v1,O1ab,ST35,No,Yes,Yes,mchF;ybtP;ybtQ;ybtX;ybtS;ybtA;ybtE;ybtT;ybtU;yagV;yagW;yagX;yagY;yagZ;ykgK;ompA;fyuA;irp1;irp2;entA;entB;fepC,astA;iroB;iroC;iroD;iroN;iucA;iucB;iucC;iutA;peg-344;rmpA;rmpA2;rmpC;rmpD;entE;espX5;fepD;fepG;fliG;fliM;fliN;flgH,arsA;arsB;arsC;arsD;arsR;clpK;crcB;fieF;hsp20;pcoA;pcoB;pcoC;pcoD;pcoE;pcoR;pcoS;silA;silB;silC;silE;silF;silP;silR;silS,hdeD-GI;kefB-GI;merA;merC;merD;merE;merF;merP;merR;merT;ncrA;ncrB;ncrC;ncrY;psi-GI;qacE;qacEdelta1;qacL;shsP;smr;terB;terC;terD;terE;trxLHR;yfdX1;yfdX2,AbiU;cas_type-I-E;Druantia_II;Hachiman_type_I;PDC-S04;PDC-S06;PDC-S07;PDC-S12;PDC-S13;PDC-M03;PDC-M62;RM_Type_I;RM_Type_IV;Shango;VSPR,AbiC;AbiD;AbiE;AbiH;AbiL;AVAST_II;AVAST_V;Borvo;BREX_I;BstA;Bunzi;CapRel;CBASS_I;CBASS_II;DarTG;DISARM_1;Dnd_ABCDE;Dnd_FGH;Dpd;DRT_1;DRT_2;DRT_3;DRT_4;Druantia_III;dXTPase;Gabija;GAO_19;Gao_Ape;Hhe;HEC-01;HEC-04;HEC-05;HEC-06;HEC-08;HEC-09;ietAS;Juk;Kiwa;Lamassu_family;Lit;mads;Menshen;Mok_Hok_Sok;Mokosh_TypeI;Mokosh_TypeII;NLR_like;Olokun;Paris;PD-Lambda-1;PD-T4-3;PD-T4-4;PD-T4-5;PD-T4-6;PD-T7-1;PD-T7-2;PD-T7-4;PD-T7-1or5;PDC-S02;PDC-S05;PDC-S08;PDC-S09;PDC-S11;PDC-S15;PDC-S20;PDC-S21;PDC-S25;PDC-S26;PDC-S29;PDC-S31;PDC-S33;PDC-S36;PDC-S39;PDC-S45;PDC-S47;PDC-S60;PDC-S66;PDC-S67;PDC_M01;PDC-M04;PDC-M06;PDC-M09;PDC-M18;PDC-M26;PDC-M29;PDC-M38;PDC-M40;PDC-M54;PDC-M63;PDC-M66;PfiAT;PifA;ppl;PrrC;Pycsar_effector;Radar;Retron_I_A;Retron_I-B;Retron_I_C;Retron_II-A;Retron_III;Retron_III-A;RIoC;RM_Type_II;RM_Type_IIG;RM_Type_III;RosmerTA;Rst_3HP;Rst_TIR-NLR;SanaTA;SEFIR;Septu_type_I;Shedu;ShosTA;SoFic;tmn;Uzume;Wadjet_I;Zorya_TypeI,Beta-lactam;Phenicol;Fosfomycin;Quinolone;Tetracycline,Amikacin;Gentamicin;Tobramycin;Aminoglycoside;Hygromycin;Kanamycin;Streptomycin;Chloramphenicol;Florfenicol;Rifamycin;Trimethoprim;Carbapenem;Cephalosporin;Bleomycin;Macrolide;Streptothricin;Sulfonamide,Amikacin;Gentamicin;Tobramycin;Amoxicillin;Piperacillin;Ciprofloxacin;Ampicillin,,Piperacillin/Tazobactam;Ceftazidime;Meropenem;Imipenem;Levofloxacin;Colistin,Roth08;Roth42;Roth87;Roth71;Roth84;Roth10;Roth83;Roth09;Roth93;Roth85;Roth61;Roth47;Roth96;Roth72;Roth88;Roth27;Roth22;Roth90;Roth26;Roth41;Roth23;Roth19;Roth20;Roth04;Roth78;Roth67;Roth77;Roth16;Roth17;Roth21;Roth51;Roth80;Roth66;Roth68;Roth76;Roth34;Roth79;Roth01,Roth37;Roth39;Roth49;Roth50;Roth74;Roth75;Roth24;Roth30;Roth44;RothD;Roth32;RothG;RothJ;RothI,,Roth08;Roth42;Roth44;Roth84;Roth10;Roth83;Roth09;Roth93;Roth85;Roth61;Roth47;Roth96;Roth72;Roth88;Roth27;Roth22;Roth90;Roth26;Roth41;Roth23;Roth20;Roth78;Roth67;Roth77;Roth16;Roth17;Roth21;Roth51;Roth80;Roth66;Roth68;Roth76;Roth34;Roth79;Roth01,Roth37;Roth39;Roth49;Roth50;Roth74;Roth75;Roth87;Roth24;Roth30;Roth71;RothD;Roth32;RothG;RothJ;RothI;Roth19;Roth04,,,,,164125A
K6310,Klebsiella pneumoniae,SAMN20168914,The Netherlands,KL110,unknown (KL110),O1/O2v1,O2a,ST1958-1LV,No,No,No,yagV;yagW;yagX;yagY;yagZ;ykgK;ompA;entA;entB;fepC,astA;iroB;iroC;iroD;iroN;iucA;iucB;iucC;iutA;mchF;peg-344;rmpA;rmpA2;rmpC;rmpD;ybtP;ybtQ;ybtX;ybtS;ybtA;ybtE;ybtT;ybtU;fyuA;irp1;irp2;entE;espX5;fepD;fepG;fliG;fliM;fliN;flgH,fieF,arsA;arsB;arsC;arsD;arsR;clpK;crcB;hdeD-GI;hsp20;kefB-GI;merA;merC;merD;merE;merF;merP;merR;merT;ncrA;ncrB;ncrC;ncrY;pcoA;pcoB;pcoC;pcoD;pcoE;pcoR;pcoS;psi-GI;qacE;qacEdelta1;qacL;shsP;silA;silB;silC;silE;silF;silP;silR;silS;smr;terB;terC;terD;terE;trxLHR;yfdX1;yfdX2,AbiE;cas_type-I-E;CBASS_I;Gao_Ape;Hachiman_type_I;PD-T4-3;PDC-S02;PDC-S04;PDC-S07;PDC-S12;PDC-M29;PDC-M62;RM_Type_II;RM_Type_IIG;RM_Type_IV;Rst_TIR-NLR;Septu_type_I;SoFic;VSPR,AbiC;AbiD;AbiH;AbiL;AbiU;AVAST_II;AVAST_V;Borvo;BREX_I;BstA;Bunzi;CapRel;CBASS_II;DarTG;DISARM_1;Dnd_ABCDE;Dnd_FGH;Dpd;DRT_1;DRT_2;DRT_3;DRT_4;Druantia_II;Druantia_III;dXTPase;Gabija;GAO_19;Hhe;HEC-01;HEC-04;HEC-05;HEC-06;HEC-08;HEC-09;ietAS;Juk;Kiwa;Lamassu_family;Lit;mads;Menshen;Mok_Hok_Sok;Mokosh_TypeI;Mokosh_TypeII;NLR_like;Olokun;Paris;PD-Lambda-1;PD-T4-4;PD-T4-5;PD-T4-6;PD-T7-1;PD-T7-2;PD-T7-4;PD-T7-1or5;PDC-S05;PDC-S06;PDC-S08;PDC-S09;PDC-S11;PDC-S13;PDC-S15;PDC-S20;PDC-S21;PDC-S25;PDC-S26;PDC-S29;PDC-S31;PDC-S33;PDC-S36;PDC-S39;PDC-S45;PDC-S47;PDC-S60;PDC-S66;PDC-S67;PDC_M01;PDC-M03;PDC-M04;PDC-M06;PDC-M09;PDC-M18;PDC-M26;PDC-M38;PDC-M40;PDC-M54;PDC-M63;PDC-M66;PfiAT;PifA;ppl;PrrC;Pycsar_effector;Radar;Retron_I_A;Retron_I-B;Retron_I_C;Retron_II-A;Retron_III;Retron_III-A;RIoC;RM_Type_I;RM_Type_III;RosmerTA;Rst_3HP;SanaTA;SEFIR;Shango;Shedu;ShosTA;tmn;Uzume;Wadjet_I;Zorya_TypeI,Cephalosporin;Phenicol;Fosfomycin;Quinolone,Amikacin;Gentamicin;Tobramycin;Aminoglycoside;Hygromycin;Kanamycin;Streptomycin;Chloramphenicol;Florfenicol;Rifamycin;Trimethoprim;Beta-lactam;Carbapenem;Bleomycin;Macrolide;Streptothricin;Sulfonamide;Tetracycline,Amoxicillin;Piperacillin;Ampicillin,,Amikacin;Gentamicin;Tobramycin;Piperacillin/Tazobactam;Ceftazidime;Meropenem;Imipenem;Ciprofloxacin;Levofloxacin;Colistin,,Roth37;Roth39;Roth49;Roth50;Roth08;Roth74;Roth75;Roth42;Roth87;Roth24;Roth30;Roth44;Roth71;Roth84;Roth10;Roth83;Roth09;Roth93;Roth85;Roth61;Roth47;Roth96;Roth72;RothD;Roth32;RothG;RothJ;RothI;Roth88;Roth27;Roth22;Roth90;Roth26;Roth41;Roth23;Roth19;Roth20;Roth04;Roth78;Roth67;Roth77;Roth16;Roth17;Roth21;Roth51;Roth80;Roth66;Roth68;Roth76;Roth34;Roth79;Roth01,,,Roth37;Roth39;Roth49;Roth50;Roth08;Roth74;Roth75;Roth42;Roth87;Roth24;Roth30;Roth44;Roth71;Roth84;Roth10;Roth83;Roth09;Roth93;Roth85;Roth61;Roth47;Roth96;Roth72;RothD;Roth32;RothG;RothJ;RothI;Roth88;Roth27;Roth22;Roth90;Roth26;Roth41;Roth23;Roth19;Roth20;Roth04;Roth78;Roth67;Roth77;Roth16;Roth17;Roth21;Roth51;Roth80;Roth66;Roth68;Roth76;Roth34;Roth79;Roth01,,2017-12-05,2017.0,Blood culture,K6310
KLEB3,Klebsiella pneumoniae,JBJHZK000000000,United Kingdom,KL110,unknown (KL110),O1/O2v1,O2a,ST528,No,No,No,ybtP;ybtQ;ybtX;ybtS;ybtA;ybtE;ybtT;ybtU;yagV;yagW;yagX;yagY;yagZ;ykgK;ompA;fyuA;irp1;irp2;entA;entB;fepC,astA;iroB;iroC;iroD;iroN;iucA;iucB;iucC;iutA;mchF;peg-344;rmpA;rmpA2;rmpC;rmpD;entE;espX5;fepD;fepG;fliG;fliM;fliN;flgH,fieF;terB;terC;terD;terE,arsA;arsB;arsC;arsD;arsR;clpK;crcB;hdeD-GI;hsp20;kefB-GI;merA;merC;merD;merE;merF;merP;merR;merT;ncrA;ncrB;ncrC;ncrY;pcoA;pcoB;pcoC;pcoD;pcoE;pcoR;pcoS;psi-GI;qacE;qacEdelta1;qacL;shsP;silA;silB;silC;silE;silF;silP;silR;silS;smr;trxLHR;yfdX1;yfdX2,AbiE;cas_type-I-E;CBASS_I;Hachiman_type_I;Mok_Hok_Sok;Mokosh_TypeII;PD-T4-3;PDC-S04;PDC-S07;PDC-S12;PDC-M09;PDC-M29;PDC-M62;RM_Type_IV;Rst_TIR-NLR;Septu_type_I;ShosTA;SoFic;VSPR,AbiC;AbiD;AbiH;AbiL;AbiU;AVAST_II;AVAST_V;Borvo;BREX_I;BstA;Bunzi;CapRel;CBASS_II;DarTG;DISARM_1;Dnd_ABCDE;Dnd_FGH;Dpd;DRT_1;DRT_2;DRT_3;DRT_4;Druantia_II;Druantia_III;dXTPase;Gabija;GAO_19;Gao_Ape;Hhe;HEC-01;HEC-04;HEC-05;HEC-06;HEC-08;HEC-09;ietAS;Juk;Kiwa;Lamassu_family;Lit;mads;Menshen;Mokosh_TypeI;NLR_like;Olokun;Paris;PD-Lambda-1;PD-T4-4;PD-T4-5;PD-T4-6;PD-T7-1;PD-T7-2;PD-T7-4;PD-T7-1or5;PDC-S02;PDC-S05;PDC-S06;PDC-S08;PDC-S09;PDC-S11;PDC-S13;PDC-S15;PDC-S20;PDC-S21;PDC-S25;PDC-S26;PDC-S29;PDC-S31;PDC-S33;PDC-S36;PDC-S39;PDC-S45;PDC-S47;PDC-S60;PDC-S66;PDC-S67;PDC_M01;PDC-M03;PDC-M04;PDC-M06;PDC-M18;PDC-M26;PDC-M38;PDC-M40;PDC-M54;PDC-M63;PDC-M66;PfiAT;PifA;ppl;PrrC;Pycsar_effector;Radar;Retron_I_A;Retron_I-B;Retron_I_C;Retron_II-A;Retron_III;Retron_III-A;RIoC;RM_Type_I;RM_Type_II;RM_Type_IIG;RM_Type_III;RosmerTA;Rst_3HP;SanaTA;SEFIR;Shango;Shedu;tmn;Uzume;Wadjet_I;Zorya_TypeI,Cephalosporin;Phenicol;Fosfomycin;Quinolone,Amikacin;Gentamicin;Tobramycin;Aminoglycoside;Hygromycin;Kanamycin;Streptomycin;Chloramphenicol;Florfenicol;Rifamycin;Trimethoprim;Beta-lactam;Carbapenem;Bleomycin;Macrolide;Streptothricin;Sulfonamide;Tetracycline,Amoxicillin;Piperacillin;Ampicillin,,Amikacin;Gentamicin;Tobramycin;Piperacillin/Tazobactam;Ceftazidime;Meropenem;Imipenem;Ciprofloxacin;Levofloxacin;Colistin,,Roth37;Roth39;Roth49;Roth50;Roth08;Roth74;Roth75;Roth42;Roth87;Roth30;Roth44;Roth71;Roth84;Roth10;Roth83;Roth09;Roth93;Roth85;Roth61;Roth47;Roth96;Roth72;RothD;Roth32;RothG;RothJ;RothI;Roth90;Roth19;Roth20;Roth04;Roth78;Roth67;Roth77;Roth16;Roth17;Roth21;Roth51;Roth80;Roth66;Roth68;Roth76;Roth34;Roth79;Roth01,Roth24;Roth88;Roth27;Roth22;Roth26;Roth41;Roth23,,Roth37;Roth39;Roth49;Roth50;Roth08;Roth74;Roth75;Roth42;Roth87;Roth24;Roth30;Roth44;Roth71;Roth84;Roth10;Roth83;Roth09;Roth93;Roth85;Roth61;Roth47;Roth96;Roth72;RothD;Roth32;RothG;RothJ;RothI;Roth90;Roth19;Roth20;Roth04;Roth78;Roth67;Roth77;Roth16;Roth17;Roth21;Roth51;Roth80;Roth66;Roth68;Roth76;Roth34;Roth79;Roth01,Roth88;Roth27;Roth22;Roth26;Roth41;Roth23,,,,KLEB3
KLEB4,Klebsiella pneumoniae,JBJHZJ000000000,United Kingdom,KL28,K28,O1/O2v1,O2a,ST1254,No,No,No,yagV;yagW;yagX;yagY;yagZ;ykgK;ompA;entA;entB;fepC,astA;iroB;iroC;iroD;iroN;iucA;iucB;iucC;iutA;mchF;peg-344;rmpA;rmpA2;rmpC;rmpD;ybtP;ybtQ;ybtX;ybtS;ybtA;ybtE;ybtT;ybtU;fyuA;irp1;irp2;entE;espX5;fepD;fepG;fliG;fliM;fliN;flgH,arsA;arsB;arsC;arsD;arsR;clpK;crcB;fieF;hsp20;pcoA;pcoB;pcoC;pcoD;pcoR;pcoS;silA;silB;silC;silE;silF;silP;silR;silS,hdeD-GI;kefB-GI;merA;merC;merD;merE;merF;merP;merR;merT;ncrA;ncrB;ncrC;ncrY;pcoE;psi-GI;qacE;qacEdelta1;qacL;shsP;smr;terB;terC;terD;terE;trxLHR;yfdX1;yfdX2,AbiE;DRT_3;Gabija;Mok_Hok_Sok;PD-T4-3;PDC-S04;PDC-S07;PDC-S11;PDC-S12;PDC-S13;PDC-S26;ppl;RM_Type_II;Shango;VSPR,AbiC;AbiD;AbiH;AbiL;AbiU;AVAST_II;AVAST_V;Borvo;BREX_I;BstA;Bunzi;CapRel;cas_type-I-E;CBASS_I;CBASS_II;DarTG;DISARM_1;Dnd_ABCDE;Dnd_FGH;Dpd;DRT_1;DRT_2;DRT_4;Druantia_II;Druantia_III;dXTPase;GAO_19;Gao_Ape;Hhe;Hachiman_type_I;HEC-01;HEC-04;HEC-05;HEC-06;HEC-08;HEC-09;ietAS;Juk;Kiwa;Lamassu_family;Lit;mads;Menshen;Mokosh_TypeI;Mokosh_TypeII;NLR_like;Olokun;Paris;PD-Lambda-1;PD-T4-4;PD-T4-5;PD-T4-6;PD-T7-1;PD-T7-2;PD-T7-4;PD-T7-1or5;PDC-S02;PDC-S05;PDC-S06;PDC-S08;PDC-S09;PDC-S15;PDC-S20;PDC-S21;PDC-S25;PDC-S29;PDC-S31;PDC-S33;PDC-S36;PDC-S39;PDC-S45;PDC-S47;PDC-S60;PDC-S66;PDC-S67;PDC_M01;PDC-M03;PDC-M04;PDC-M06;PDC-M09;PDC-M18;PDC-M26;PDC-M29;PDC-M38;PDC-M40;PDC-M54;PDC-M62;PDC-M63;PDC-M66;PfiAT;PifA;PrrC;Pycsar_effector;Radar;Retron_I_A;Retron_I-B;Retron_I_C;Retron_II-A;Retron_III;Retron_III-A;RIoC;RM_Type_I;RM_Type_IIG;RM_Type_III;RM_Type_IV;RosmerTA;Rst_3HP;Rst_TIR-NLR;SanaTA;SEFIR;Septu_type_I;Shedu;ShosTA;SoFic;tmn;Uzume;Wadjet_I;Zorya_TypeI,Beta-lactam;Phenicol;Fosfomycin;Quinolone,Amikacin;Gentamicin;Tobramycin;Aminoglycoside;Hygromycin;Kanamycin;Streptomycin;Chloramphenicol;Florfenicol;Rifamycin;Trimethoprim;Carbapenem;Cephalosporin;Bleomycin;Macrolide;Streptothricin;Sulfonamide;Tetracycline,Amoxicillin;Piperacillin;Ampicillin,,Amikacin;Gentamicin;Tobramycin;Piperacillin/Tazobactam;Ceftazidime;Meropenem;Imipenem;Ciprofloxacin;Levofloxacin;Colistin,Roth47;Roth88;Roth27;Roth22;Roth90;Roth26;Roth41;Roth23,Roth37;Roth39;Roth49;Roth50;Roth08;Roth74;Roth75;Roth42;Roth87;Roth24;Roth30;Roth44;Roth71;Roth84;Roth10;Roth83;Roth09;Roth93;Roth85;Roth61;Roth96;Roth72;RothD;Roth32;RothG;RothJ;RothI;Roth19;Roth20;Roth04;Roth78;Roth77;Roth16;Roth17;Roth21;Roth51;Roth80;Roth66;Roth68;Roth76;Roth34;Roth79;Roth01,Roth67,,Roth37;Roth39;Roth49;Roth50;Roth08;Roth74;Roth75;Roth42;Roth87;Roth24;Roth30;Roth44;Roth71;Roth84;Roth10;Roth83;Roth09;Roth93;Roth85;Roth61;Roth47;Roth96;Roth72;RothD;Roth32;RothG;RothJ;RothI;Roth19;Roth20;Roth04;Roth78;Roth67;Roth77;Roth16;Roth17;Roth21;Roth51;Roth80;Roth66;Roth68;Roth76;Roth34;Roth79;Roth01,Roth88;Roth27;Roth22;Roth90;Roth26;Roth41;Roth23,,,,KLEB4
163862E,Klebsiella pneumoniae,JBJHZU000000000,United Kingdom,KL116,unknown (KL116),O1/O2v1,O1ab,ST133,No,No,No,ybtP;ybtQ;ybtX;ybtS;ybtA;ybtE;ybtT;ybtU;yagV;yagW;yagX;yagY;yagZ;ykgK;ompA;fyuA;irp1;irp2;entA;entB;fepC,astA;iroB;iroC;iroD;iroN;iucA;iucB;iucC;iutA;mchF;peg-344;rmpA;rmpA2;rmpC;rmpD;entE;espX5;fepD;fepG;fliG;fliM;fliN;flgH,,arsA;arsB;arsC;arsD;arsR;clpK;crcB;fieF;hdeD-GI;hsp20;kefB-GI;merA;merC;merD;merE;merF;merP;merR;merT;ncrA;ncrB;ncrC;ncrY;pcoA;pcoB;pcoC;pcoD;pcoE;pcoR;pcoS;psi-GI;qacE;qacEdelta1;qacL;shsP;silA;silB;silC;silE;silF;silP;silR;silS;smr;terB;terC;terD;terE;trxLHR;yfdX1;yfdX2,AbiE;Kiwa;Lit;Mok_Hok_Sok;PDC-S04;PDC-S07;PDC-S09;PDC-S12;PDC-S13;RM_Type_II;RM_Type_IV;Shango;VSPR,AbiC;AbiD;AbiH;AbiL;AbiU;AVAST_II;AVAST_V;Borvo;BREX_I;BstA;Bunzi;CapRel;cas_type-I-E;CBASS_I;CBASS_II;DarTG;DISARM_1;Dnd_ABCDE;Dnd_FGH;Dpd;DRT_1;DRT_2;DRT_3;DRT_4;Druantia_II;Druantia_III;dXTPase;Gabija;GAO_19;Gao_Ape;Hhe;Hachiman_type_I;HEC-01;HEC-04;HEC-05;HEC-06;HEC-08;HEC-09;ietAS;Juk;Lamassu_family;mads;Menshen;Mokosh_TypeI;Mokosh_TypeII;NLR_like;Olokun;Paris;PD-Lambda-1;PD-T4-3;PD-T4-4;PD-T4-5;PD-T4-6;PD-T7-1;PD-T7-2;PD-T7-4;PD-T7-1or5;PDC-S02;PDC-S05;PDC-S06;PDC-S08;PDC-S11;PDC-S15;PDC-S20;PDC-S21;PDC-S25;PDC-S26;PDC-S29;PDC-S31;PDC-S33;PDC-S36;PDC-S39;PDC-S45;PDC-S47;PDC-S60;PDC-S66;PDC-S67;PDC_M01;PDC-M03;PDC-M04;PDC-M06;PDC-M09;PDC-M18;PDC-M26;PDC-M29;PDC-M38;PDC-M40;PDC-M54;PDC-M62;PDC-M63;PDC-M66;PfiAT;PifA;ppl;PrrC;Pycsar_effector;Radar;Retron_I_A;Retron_I-B;Retron_I_C;Retron_II-A;Retron_III;Retron_III-A;RIoC;RM_Type_I;RM_Type_IIG;RM_Type_III;RosmerTA;Rst_3HP;Rst_TIR-NLR;SanaTA;SEFIR;Septu_type_I;Shedu;ShosTA;SoFic;tmn;Uzume;Wadjet_I;Zorya_TypeI,Beta-lactam;Phenicol;Fosfomycin;Quinolone,Amikacin;Gentamicin;Tobramycin;Aminoglycoside;Hygromycin;Kanamycin;Streptomycin;Chloramphenicol;Florfenicol;Rifamycin;Trimethoprim;Carbapenem;Cephalosporin;Bleomycin;Macrolide;Streptothricin;Sulfonamide;Tetracycline,Amoxicillin;Piperacillin;Ampicillin,,Amikacin;Gentamicin;Tobramycin;Piperacillin/Tazobactam;Ceftazidime;Meropenem;Imipenem;Ciprofloxacin;Levofloxacin;Colistin,Roth74;Roth75;Roth42;Roth87;Roth24;Roth30;Roth27;Roth26;Roth41,Roth39;Roth49;Roth50;Roth44;Roth71;Roth84;Roth10;Roth09;Roth85;Roth61;Roth72;RothD;Roth32;RothG;RothJ;RothI;Roth19;Roth20;Roth04;Roth77;Roth34,Roth37;Roth08;Roth83;Roth93;Roth47;Roth96;Roth88;Roth22;Roth90;Roth23;Roth78;Roth67;Roth16;Roth17;Roth21;Roth51;Roth80;Roth66;Roth68;Roth76;Roth79;Roth01,,Roth37;Roth39;Roth49;Roth50;Roth08;Roth42;Roth30;Roth44;Roth71;Roth84;Roth10;Roth83;Roth09;Roth93;Roth61;Roth47;Roth96;Roth72;RothD;Roth32;RothG;RothJ;RothI;Roth88;Roth90;Roth19;Roth20;Roth04;Roth78;Roth67;Roth77;Roth16;Roth17;Roth51;Roth80;Roth66;Roth68;Roth76;Roth34;Roth79;Roth01,Roth74;Roth75;Roth87;Roth24;Roth85;Roth27;Roth22;Roth26;Roth41;Roth23;Roth21,,,,163862E
L1392,Klebsiella pneumoniae,JBJHYX000000000,The Netherlands,KL127,unknown (KL127),O13,O13,ST17,No,No,No,yagV;yagW;yagX;yagY;yagZ;ykgK;ompA;entA;entB;fepC,astA;iroB;iroC;iroD;iroN;iucA;iucB;iucC;iutA;mchF;peg-344;rmpA;rmpA2;rmpC;rmpD;ybtP;ybtQ;ybtX;ybtS;ybtA;ybtE;ybtT;ybtU;fyuA;irp1;irp2;entE;espX5;fepD;fepG;fliG;fliM;fliN;flgH,arsA;arsB;arsC;arsD;arsR;fieF;pcoA;pcoB;pcoC;pcoD;pcoR;pcoS;qacEdelta1;silA;silB;silC;silE;silP;silR;silS,clpK;crcB;hdeD-GI;hsp20;kefB-GI;merA;merC;merD;merE;merF;merP;merR;merT;ncrA;ncrB;ncrC;ncrY;pcoE;psi-GI;qacE;qacL;shsP;silF;smr;terB;terC;terD;terE;trxLHR;yfdX1;yfdX2,AbiE;DRT_2;Gabija;HEC-04;Paris;PD-T4-3;PDC-S02;PDC-S04;PDC-S07;PDC-S12;PDC-S13;RM_Type_I;RM_Type_II;RM_Type_IV;Rst_TIR-NLR;VSPR,AbiC;AbiD;AbiH;AbiL;AbiU;AVAST_II;AVAST_V;Borvo;BREX_I;BstA;Bunzi;CapRel;cas_type-I-E;CBASS_I;CBASS_II;DarTG;DISARM_1;Dnd_ABCDE;Dnd_FGH;Dpd;DRT_1;DRT_3;DRT_4;Druantia_II;Druantia_III;dXTPase;GAO_19;Gao_Ape;Hhe;Hachiman_type_I;HEC-01;HEC-05;HEC-06;HEC-08;HEC-09;ietAS;Juk;Kiwa;Lamassu_family;Lit;mads;Menshen;Mok_Hok_Sok;Mokosh_TypeI;Mokosh_TypeII;NLR_like;Olokun;PD-Lambda-1;PD-T4-4;PD-T4-5;PD-T4-6;PD-T7-1;PD-T7-2;PD-T7-4;PD-T7-1or5;PDC-S05;PDC-S06;PDC-S08;PDC-S09;PDC-S11;PDC-S15;PDC-S20;PDC-S21;PDC-S25;PDC-S26;PDC-S29;PDC-S31;PDC-S33;PDC-S36;PDC-S39;PDC-S45;PDC-S47;PDC-S60;PDC-S66;PDC-S67;PDC_M01;PDC-M03;PDC-M04;PDC-M06;PDC-M09;PDC-M18;PDC-M26;PDC-M29;PDC-M38;PDC-M40;PDC-M54;PDC-M62;PDC-M63;PDC-M66;PfiAT;PifA;ppl;PrrC;Pycsar_effector;Radar;Retron_I_A;Retron_I-B;Retron_I_C;Retron_II-A;Retron_III;Retron_III-A;RIoC;RM_Type_IIG;RM_Type_III;RosmerTA;Rst_3HP;SanaTA;SEFIR;Septu_type_I;Shango;Shedu;ShosTA;SoFic;tmn;Uzume;Wadjet_I;Zorya_TypeI,Trimethoprim;Beta-lactam;Phenicol;Fosfomycin;Quinolone;Sulfonamide;Tetracycline,Amikacin;Gentamicin;Tobramycin;Aminoglycoside;Hygromycin;Kanamycin;Streptomycin;Chloramphenicol;Florfenicol;Rifamycin;Carbapenem;Cephalosporin;Bleomycin;Macrolide;Streptothricin,Amoxicillin;Piperacillin;Ampicillin,,Amikacin;Gentamicin;Tobramycin;Piperacillin/Tazobactam;Ceftazidime;Meropenem;Imipenem;Ciprofloxacin;Levofloxacin;Colistin,Roth88;Roth27;Roth22;Roth90;Roth26;Roth41;Roth23;Roth80;Roth66;Roth68;Roth76;Roth79;Roth01,Roth37;Roth39;Roth49;Roth50;Roth08;Roth74;Roth75;Roth42;Roth87;Roth24;Roth30;Roth44;Roth71;Roth84;Roth10;Roth83;Roth09;Roth93;Roth85;Roth61;Roth47;Roth96;Roth72;RothD;Roth32;RothG;RothJ;RothI;Roth19;Roth20;Roth04;Roth78;Roth67;Roth77;Roth16;Roth17;Roth51;Roth34,Roth21,,Roth37;Roth39;Roth49;Roth50;Roth08;Roth74;Roth75;Roth42;Roth87;Roth24;Roth30;Roth44;Roth71;Roth84;Roth10;Roth83;Roth09;Roth93;Roth85;Roth61;Roth47;Roth96;Roth72;RothD;Roth32;RothG;RothJ;RothI;Roth27;Roth22;Roth26;Roth41;Roth19;Roth20;Roth04;Roth78;Roth67;Roth77;Roth16;Roth17;Roth21;Roth51;Roth80;Roth34;Roth79;Roth01,Roth88;Roth90;Roth23;Roth66;Roth68;Roth76,2018-04-01,2018.0,Blood culture peripheral,L1392
16,Klebsiella pneumoniae,CP159507,,KL17,K17,O1/O2v1,O1ab,ST101,Yes,No,No,ybtP;ybtQ;ybtX;ybtS;ybtA;ybtE;ybtT;ybtU;yagV;yagW;yagX;yagY;yagZ;ykgK;ompA;fyuA;irp1;irp2;entA;entB;fepC,astA;iroB;iroC;iroD;iroN;iucA;iucB;iucC;iutA;mchF;peg-344;rmpA;rmpA2;rmpC;rmpD;entE;espX5;fepD;fepG;fliG;fliM;fliN;flgH,arsA;arsB;arsC;arsD;arsR;fieF;merA;merD;merE;merR;merT;pcoA;pcoB;pcoC;pcoD;pcoR;pcoS;silA;silB;silC;silE;silF;silP;silR;silS,clpK;crcB;hdeD-GI;hsp20;kefB-GI;merC;merF;merP;ncrA;ncrB;ncrC;ncrY;pcoE;psi-GI;qacE;qacEdelta1;qacL;shsP;smr;terB;terC;terD;terE;trxLHR;yfdX1;yfdX2,AbiE;CBASS_II;HEC-09;Lamassu_family;PD-Lambda-1;PD-T4-3;PD-T4-5;PD-T7-1;PD-T7-1or5;PDC-S04;PDC-S07;PDC-S08;PDC-S12;PDC-S13;PDC-S21;PDC-S36;PDC-S67;PDC-M38;PDC-M66;Pycsar_effector;Retron_I-B;RM_Type_II;RM_Type_III;RM_Type_IV;tmn;Uzume;VSPR,AbiC;AbiD;AbiH;AbiL;AbiU;AVAST_II;AVAST_V;Borvo;BREX_I;BstA;Bunzi;CapRel;cas_type-I-E;CBASS_I;DarTG;DISARM_1;Dnd_ABCDE;Dnd_FGH;Dpd;DRT_1;DRT_2;DRT_3;DRT_4;Druantia_II;Druantia_III;dXTPase;Gabija;GAO_19;Gao_Ape;Hhe;Hachiman_type_I;HEC-01;HEC-04;HEC-05;HEC-06;HEC-08;ietAS;Juk;Kiwa;Lit;mads;Menshen;Mok_Hok_Sok;Mokosh_TypeI;Mokosh_TypeII;NLR_like;Olokun;Paris;PD-T4-4;PD-T4-6;PD-T7-2;PD-T7-4;PDC-S02;PDC-S05;PDC-S06;PDC-S09;PDC-S11;PDC-S15;PDC-S20;PDC-S25;PDC-S26;PDC-S29;PDC-S31;PDC-S33;PDC-S39;PDC-S45;PDC-S47;PDC-S60;PDC-S66;PDC_M01;PDC-M03;PDC-M04;PDC-M06;PDC-M09;PDC-M18;PDC-M26;PDC-M29;PDC-M40;PDC-M54;PDC-M62;PDC-M63;PfiAT;PifA;ppl;PrrC;Radar;Retron_I_A;Retron_I_C;Retron_II-A;Retron_III;Retron_III-A;RIoC;RM_Type_I;RM_Type_IIG;RosmerTA;Rst_3HP;Rst_TIR-NLR;SanaTA;SEFIR;Septu_type_I;Shango;Shedu;ShosTA;SoFic;Wadjet_I;Zorya_TypeI,Amikacin;Gentamicin;Tobramycin;Kanamycin;Streptomycin;Trimethoprim;Beta-lactam;Carbapenem;Cephalosporin;Phenicol;Fosfomycin;Quinolone;Sulfonamide;Tetracycline,Aminoglycoside;Hygromycin;Chloramphenicol;Florfenicol;Rifamycin;Bleomycin;Macrolide;Streptothricin,Amikacin;Gentamicin;Tobramycin;Amoxicillin;Piperacillin;Piperacillin/Tazobactam;Ceftazidime;Meropenem;Imipenem;Ciprofloxacin;Levofloxacin;Ampicillin,,Colistin,,Roth37;Roth39;Roth49;Roth50;Roth08;Roth74;Roth75;Roth42;Roth87;Roth24;Roth30;Roth44;Roth71;Roth84;Roth10;Roth83;Roth09;Roth93;Roth85;Roth61;Roth47;Roth96;Roth72;RothD;Roth32;RothG;RothJ;RothI;Roth88;Roth27;Roth22;Roth90;Roth26;Roth41;Roth23;Roth19;Roth20;Roth04;Roth67;Roth77;Roth17;Roth21,Roth78;Roth16;Roth51;Roth80;Roth66;Roth68;Roth76;Roth34;Roth79;Roth01,,Roth37;Roth39;Roth49;Roth50;Roth08;Roth74;Roth75;Roth42;Roth87;Roth24;Roth30;Roth44;Roth71;Roth84;Roth10;Roth83;Roth09;Roth93;Roth85;Roth61;Roth47;Roth96;Roth72;RothD;Roth32;RothG;RothJ;RothI;Roth88;Roth27;Roth22;Roth90;Roth26;Roth41;Roth23;Roth19;Roth20;Roth04;Roth78;Roth67;Roth16;Roth17;Roth80;Roth79,Roth77;Roth21;Roth51;Roth66;Roth68;Roth76;Roth34;Roth01,2008,2008.0,,16
CFI_110_OXA232,Klebsiella pneumoniae,JBELWS000000000,,KL17,K17,O1/O2v1,O1ab,ST101,Yes,No,No,ybtP;ybtQ;ybtX;ybtS;ybtA;ybtE;ybtT;ybtU;yagV;yagW;yagX;yagY;yagZ;ykgK;ompA;fyuA;irp1;irp2;entA;entB;fepC,astA;iroB;iroC;iroD;iroN;iucA;iucB;iucC;iutA;mchF;peg-344;rmpA;rmpA2;rmpC;rmpD;entE;espX5;fepD;fepG;fliG;fliM;fliN;flgH,arsA;arsB;arsC;arsD;arsR;fieF;pcoA;pcoB;pcoC;pcoD;pcoR;pcoS;qacEdelta1;silA;silB;silC;silE;silF;silP;silR;silS,clpK;crcB;hdeD-GI;hsp20;kefB-GI;merA;merC;merD;merE;merF;merP;merR;merT;ncrA;ncrB;ncrC;ncrY;pcoE;psi-GI;qacE;qacL;shsP;smr;terB;terC;terD;terE;trxLHR;yfdX1;yfdX2,AbiE;CBASS_II;DRT_2;Gabija;HEC-06;Lamassu_family;Mok_Hok_Sok;PD-Lambda-1;PD-T4-3;PD-T4-5;PD-T7-1;PD-T7-1or5;PDC-S04;PDC-S07;PDC-S08;PDC-S09;PDC-S12;PDC-S13;PDC-S21;PDC-M38;Pycsar_effector;Retron_I-B;RM_Type_II;RM_Type_III;RM_Type_IV;tmn;VSPR,AbiC;AbiD;AbiH;AbiL;AbiU;AVAST_II;AVAST_V;Borvo;BREX_I;BstA;Bunzi;CapRel;cas_type-I-E;CBASS_I;DarTG;DISARM_1;Dnd_ABCDE;Dnd_FGH;Dpd;DRT_1;DRT_3;DRT_4;Druantia_II;Druantia_III;dXTPase;GAO_19;Gao_Ape;Hhe;Hachiman_type_I;HEC-01;HEC-04;HEC-05;HEC-08;HEC-09;ietAS;Juk;Kiwa;Lit;mads;Menshen;Mokosh_TypeI;Mokosh_TypeII;NLR_like;Olokun;Paris;PD-T4-4;PD-T4-6;PD-T7-2;PD-T7-4;PDC-S02;PDC-S05;PDC-S06;PDC-S11;PDC-S15;PDC-S20;PDC-S25;PDC-S26;PDC-S29;PDC-S31;PDC-S33;PDC-S36;PDC-S39;PDC-S45;PDC-S47;PDC-S60;PDC-S66;PDC-S67;PDC_M01;PDC-M03;PDC-M04;PDC-M06;PDC-M09;PDC-M18;PDC-M26;PDC-M29;PDC-M40;PDC-M54;PDC-M62;PDC-M63;PDC-M66;PfiAT;PifA;ppl;PrrC;Radar;Retron_I_A;Retron_I_C;Retron_II-A;Retron_III;Retron_III-A;RIoC;RM_Type_I;RM_Type_IIG;RosmerTA;Rst_3HP;Rst_TIR-NLR;SanaTA;SEFIR;Septu_type_I;Shango;Shedu;ShosTA;SoFic;Uzume;Wadjet_I;Zorya_TypeI,Gentamicin;Aminoglycoside;Streptomycin;Chloramphenicol;Beta-lactam;Carbapenem;Cephalosporin;Phenicol;Fosfomycin;Quinolone;Sulfonamide,Amikacin;Tobramycin;Hygromycin;Kanamycin;Florfenicol;Rifamycin;Trimethoprim;Bleomycin;Macrolide;Streptothricin;Tetracycline,Amikacin;Gentamicin;Tobramycin;Amoxicillin;Piperacillin;Piperacillin/Tazobactam;Ceftazidime;Meropenem;Imipenem;Ciprofloxacin;Levofloxacin;Ampicillin,,Colistin,,Roth37;Roth39;Roth49;Roth50;Roth08;Roth74;Roth75;Roth42;Roth87;Roth24;Roth30;Roth44;Roth71;Roth84;Roth10;Roth83;Roth09;Roth93;Roth85;Roth61;Roth47;Roth96;Roth72;RothD;Roth32;RothG;RothJ;RothI;Roth88;Roth27;Roth22;Roth90;Roth26;Roth41;Roth23;Roth19;Roth20;Roth04;Roth78;Roth67;Roth77;Roth17;Roth21;Roth34,Roth16;Roth51;Roth80;Roth66;Roth68;Roth76;Roth79;Roth01,,Roth37;Roth39;Roth49;Roth50;Roth08;Roth74;Roth75;Roth42;Roth87;Roth24;Roth30;Roth44;Roth71;Roth84;Roth10;Roth83;Roth09;Roth93;Roth85;Roth61;Roth47;Roth96;Roth72;RothD;Roth32;RothG;RothJ;RothI;Roth88;Roth27;Roth22;Roth90;Roth26;Roth41;Roth23;Roth19;Roth20;Roth04;Roth78;Roth67;Roth77;Roth16;Roth17;Roth80;Roth79,Roth21;Roth51;Roth66;Roth68;Roth76;Roth34;Roth01,,,,CFI110OXA232
CFI_119_OXA48,Klebsiella pneumoniae,JBELWQ000000000,,KL17,K17,O1/O2v1,O1ab,ST101,Yes,No,No,ybtP;ybtQ;ybtX;ybtS;ybtA;ybtE;ybtT;ybtU;yagV;yagW;yagX;yagY;yagZ;ykgK;ompA;fyuA;irp1;irp2;entA;entB;fepC,astA;iroB;iroC;iroD;iroN;iucA;iucB;iucC;iutA;mchF;peg-344;rmpA;rmpA2;rmpC;rmpD;entE;espX5;fepD;fepG;fliG;fliM;fliN;flgH,fieF;merA;merC;merD;merE;merR;merT,arsA;arsB;arsC;arsD;arsR;clpK;crcB;hdeD-GI;hsp20;kefB-GI;merF;merP;ncrA;ncrB;ncrC;ncrY;pcoA;pcoB;pcoC;pcoD;pcoE;pcoR;pcoS;psi-GI;qacE;qacEdelta1;qacL;shsP;silA;silB;silC;silE;silF;silP;silR;silS;smr;terB;terC;terD;terE;trxLHR;yfdX1;yfdX2,AbiE;CBASS_II;HEC-09;ietAS;Lamassu_family;PD-Lambda-1;PD-T4-3;PD-T7-1;PD-T7-1or5;PDC-S04;PDC-S07;PDC-S08;PDC-S12;PDC-S13;PDC-S21;PDC-S67;PDC-M38;Pycsar_effector;Retron_I-B;RM_Type_II;RM_Type_IV;tmn;VSPR,AbiC;AbiD;AbiH;AbiL;AbiU;AVAST_II;AVAST_V;Borvo;BREX_I;BstA;Bunzi;CapRel;cas_type-I-E;CBASS_I;DarTG;DISARM_1;Dnd_ABCDE;Dnd_FGH;Dpd;DRT_1;DRT_2;DRT_3;DRT_4;Druantia_II;Druantia_III;dXTPase;Gabija;GAO_19;Gao_Ape;Hhe;Hachiman_type_I;HEC-01;HEC-04;HEC-05;HEC-06;HEC-08;Juk;Kiwa;Lit;mads;Menshen;Mok_Hok_Sok;Mokosh_TypeI;Mokosh_TypeII;NLR_like;Olokun;Paris;PD-T4-4;PD-T4-5;PD-T4-6;PD-T7-2;PD-T7-4;PDC-S02;PDC-S05;PDC-S06;PDC-S09;PDC-S11;PDC-S15;PDC-S20;PDC-S25;PDC-S26;PDC-S29;PDC-S31;PDC-S33;PDC-S36;PDC-S39;PDC-S45;PDC-S47;PDC-S60;PDC-S66;PDC_M01;PDC-M03;PDC-M04;PDC-M06;PDC-M09;PDC-M18;PDC-M26;PDC-M29;PDC-M40;PDC-M54;PDC-M62;PDC-M63;PDC-M66;PfiAT;PifA;ppl;PrrC;Radar;Retron_I_A;Retron_I_C;Retron_II-A;Retron_III;Retron_III-A;RIoC;RM_Type_I;RM_Type_IIG;RM_Type_III;RosmerTA;Rst_3HP;Rst_TIR-NLR;SanaTA;SEFIR;Septu_type_I;Shango;Shedu;ShosTA;SoFic;Uzume;Wadjet_I;Zorya_TypeI,Amikacin;Gentamicin;Tobramycin;Kanamycin;Trimethoprim;Beta-lactam;Carbapenem;Cephalosporin;Phenicol;Fosfomycin;Quinolone;Tetracycline,Aminoglycoside;Hygromycin;Streptomycin;Chloramphenicol;Florfenicol;Rifamycin;Bleomycin;Macrolide;Streptothricin;Sulfonamide,Amikacin;Gentamicin;Tobramycin;Amoxicillin;Piperacillin;Piperacillin/Tazobactam;Ceftazidime;Meropenem;Imipenem;Ciprofloxacin;Levofloxacin;Ampicillin,,Colistin,,Roth37;Roth39;Roth49;Roth50;Roth08;Roth74;Roth75;Roth42;Roth87;Roth24;Roth44;Roth71;Roth84;Roth10;Roth83;Roth09;Roth93;Roth85;Roth61;Roth47;Roth96;Roth72;RothD;Roth32;RothG;RothJ;RothI;Roth88;Roth27;Roth22;Roth90;Roth26;Roth23;Roth19;Roth20;Roth04;Roth78;Roth67;Roth77;Roth17,Roth30;Roth41;Roth16;Roth21;Roth51;Roth80;Roth66;Roth68;Roth76;Roth34;Roth79;Roth01,,Roth37;Roth39;Roth49;Roth50;Roth08;Roth74;Roth75;Roth42;Roth87;Roth24;Roth30;Roth44;Roth71;Roth84;Roth10;Roth83;Roth09;Roth93;Roth85;Roth61;Roth47;Roth96;Roth72;RothD;Roth32;RothG;RothJ;RothI;Roth88;Roth27;Roth22;Roth90;Roth26;Roth41;Roth23;Roth19;Roth20;Roth04;Roth78;Roth67;Roth16;Roth17;Roth21;Roth80;Roth76;Roth79,Roth77;Roth51;Roth66;Roth68;Roth34;Roth01,,,,CFI119OXA48
CFI_147_OXA48,Klebsiella pneumoniae,JBELWJ000000000,,KL17,K17,O1/O2v1,O1ab,ST101,Yes,No,No,ybtP;ybtQ;ybtX;ybtS;ybtA;ybtE;ybtT;ybtU;yagV;yagW;yagX;yagY;yagZ;ykgK;ompA;fyuA;irp1;irp2;entA;entB;fepC,astA;iroB;iroC;iroD;iroN;iucA;iucB;iucC;iutA;mchF;peg-344;rmpA;rmpA2;rmpC;rmpD;entE;espX5;fepD;fepG;fliG;fliM;fliN;flgH,fieF;merA;merD;merE;merR;merT;qacL,arsA;arsB;arsC;arsD;arsR;clpK;crcB;hdeD-GI;hsp20;kefB-GI;merC;merF;merP;ncrA;ncrB;ncrC;ncrY;pcoA;pcoB;pcoC;pcoD;pcoE;pcoR;pcoS;psi-GI;qacE;qacEdelta1;shsP;silA;silB;silC;silE;silF;silP;silR;silS;smr;terB;terC;terD;terE;trxLHR;yfdX1;yfdX2,AbiE;CBASS_II;HEC-09;Lamassu_family;PD-Lambda-1;PD-T4-3;PD-T7-1;PD-T7-1or5;PDC-S04;PDC-S07;PDC-S08;PDC-S12;PDC-S13;PDC-S21;PDC-S67;PDC-M38;Pycsar_effector;Retron_I-B;RM_Type_II;RM_Type_IV;tmn;VSPR,AbiC;AbiD;AbiH;AbiL;AbiU;AVAST_II;AVAST_V;Borvo;BREX_I;BstA;Bunzi;CapRel;cas_type-I-E;CBASS_I;DarTG;DISARM_1;Dnd_ABCDE;Dnd_FGH;Dpd;DRT_1;DRT_2;DRT_3;DRT_4;Druantia_II;Druantia_III;dXTPase;Gabija;GAO_19;Gao_Ape;Hhe;Hachiman_type_I;HEC-01;HEC-04;HEC-05;HEC-06;HEC-08;ietAS;Juk;Kiwa;Lit;mads;Menshen;Mok_Hok_Sok;Mokosh_TypeI;Mokosh_TypeII;NLR_like;Olokun;Paris;PD-T4-4;PD-T4-5;PD-T4-6;PD-T7-2;PD-T7-4;PDC-S02;PDC-S05;PDC-S06;PDC-S09;PDC-S11;PDC-S15;PDC-S20;PDC-S25;PDC-S26;PDC-S29;PDC-S31;PDC-S33;PDC-S36;PDC-S39;PDC-S45;PDC-S47;PDC-S60;PDC-S66;PDC_M01;PDC-M03;PDC-M04;PDC-M06;PDC-M09;PDC-M18;PDC-M26;PDC-M29;PDC-M40;PDC-M54;PDC-M62;PDC-M63;PDC-M66;PfiAT;PifA;ppl;PrrC;Radar;Retron_I_A;Retron_I_C;Retron_II-A;Retron_III;Retron_III-A;RIoC;RM_Type_I;RM_Type_IIG;RM_Type_III;RosmerTA;Rst_3HP;Rst_TIR-NLR;SanaTA;SEFIR;Septu_type_I;Shango;Shedu;ShosTA;SoFic;Uzume;Wadjet_I;Zorya_TypeI,Amikacin;Gentamicin;Kanamycin;Streptomycin;Chloramphenicol;Trimethoprim;Beta-lactam;Carbapenem;Cephalosporin;Macrolide;Phenicol;Fosfomycin;Quinolone;Sulfonamide;Tetracycline,Tobramycin;Aminoglycoside;Hygromycin;Florfenicol;Rifamycin;Bleomycin;Streptothricin,Amikacin;Gentamicin;Tobramycin;Amoxicillin;Piperacillin;Piperacillin/Tazobactam;Ceftazidime;Meropenem;Imipenem;Ciprofloxacin;Levofloxacin;Ampicillin,,Colistin,,Roth37;Roth39;Roth49;Roth50;Roth08;Roth74;Roth75;Roth42;Roth87;Roth24;Roth30;Roth44;Roth71;Roth84;Roth10;Roth83;Roth09;Roth93;Roth85;Roth61;Roth47;Roth96;Roth72;RothD;Roth32;RothG;RothJ;RothI;Roth88;Roth22;Roth90;Roth26;Roth19;Roth20;Roth04;Roth17;Roth34,Roth27;Roth41;Roth23;Roth78;Roth67;Roth77;Roth16;Roth21;Roth51;Roth80;Roth66;Roth68;Roth76;Roth79;Roth01,,Roth37;Roth39;Roth49;Roth50;Roth08;Roth75;Roth42;Roth87;Roth24;Roth30;Roth44;Roth71;Roth84;Roth10;Roth83;Roth09;Roth93;Roth85;Roth61;Roth47;Roth96;Roth72;RothD;Roth32;RothG;RothJ;RothI;Roth27;Roth22;Roth90;Roth26;Roth19;Roth20;Roth04;Roth78;Roth67;Roth77;Roth16;Roth17;Roth21;Roth51;Roth80;Roth66;Roth68;Roth76;Roth79,Roth74;Roth88;Roth41;Roth23;Roth34;Roth01,,,,CFI147OXA48
CFI_118_NDM1,Klebsiella pneumoniae,JBELWR000000000,,KL17,K17,O1/O2v1,O1ab,ST101,Yes,No,No,ybtP;ybtQ;ybtX;ybtS;ybtA;ybtE;ybtT;ybtU;yagV;yagW;yagX;yagY;yagZ;ykgK;ompA;fyuA;irp1;irp2;entA;entB;fepC,astA;iroB;iroC;iroD;iroN;iucA;iucB;iucC;iutA;mchF;peg-344;rmpA;rmpA2;rmpC;rmpD;entE;espX5;fepD;fepG;fliG;fliM;fliN;flgH,arsA;arsB;arsC;arsD;arsR;fieF;pcoA;pcoB;pcoC;pcoD;pcoR;pcoS;qacEdelta1;silA;silB;silC;silE;silF;silP;silR;silS,clpK;crcB;hdeD-GI;hsp20;kefB-GI;merA;merC;merD;merE;merF;merP;merR;merT;ncrA;ncrB;ncrC;ncrY;pcoE;psi-GI;qacE;qacL;shsP;smr;terB;terC;terD;terE;trxLHR;yfdX1;yfdX2,AbiE;CBASS_II;dXTPase;HEC-05;Lamassu_family;Mok_Hok_Sok;NLR_like;PD-Lambda-1;PD-T4-3;PD-T7-1;PD-T7-1or5;PDC-S04;PDC-S07;PDC-S08;PDC-S12;PDC-S13;PDC-S21;PDC-S31;PDC-M38;Pycsar_effector;Retron_I-B;RM_Type_I;RM_Type_II;RM_Type_IV;tmn;VSPR,AbiC;AbiD;AbiH;AbiL;AbiU;AVAST_II;AVAST_V;Borvo;BREX_I;BstA;Bunzi;CapRel;cas_type-I-E;CBASS_I;DarTG;DISARM_1;Dnd_ABCDE;Dnd_FGH;Dpd;DRT_1;DRT_2;DRT_3;DRT_4;Druantia_II;Druantia_III;Gabija;GAO_19;Gao_Ape;Hhe;Hachiman_type_I;HEC-01;HEC-04;HEC-06;HEC-08;HEC-09;ietAS;Juk;Kiwa;Lit;mads;Menshen;Mokosh_TypeI;Mokosh_TypeII;Olokun;Paris;PD-T4-4;PD-T4-5;PD-T4-6;PD-T7-2;PD-T7-4;PDC-S02;PDC-S05;PDC-S06;PDC-S09;PDC-S11;PDC-S15;PDC-S20;PDC-S25;PDC-S26;PDC-S29;PDC-S33;PDC-S36;PDC-S39;PDC-S45;PDC-S47;PDC-S60;PDC-S66;PDC-S67;PDC_M01;PDC-M03;PDC-M04;PDC-M06;PDC-M09;PDC-M18;PDC-M26;PDC-M29;PDC-M40;PDC-M54;PDC-M62;PDC-M63;PDC-M66;PfiAT;PifA;ppl;PrrC;Radar;Retron_I_A;Retron_I_C;Retron_II-A;Retron_III;Retron_III-A;RIoC;RM_Type_IIG;RM_Type_III;RosmerTA;Rst_3HP;Rst_TIR-NLR;SanaTA;SEFIR;Septu_type_I;Shango;Shedu;ShosTA;SoFic;Uzume;Wadjet_I;Zorya_TypeI,Gentamicin;Streptomycin;Chloramphenicol;Rifamycin;Trimethoprim;Beta-lactam;Carbapenem;Cephalosporin;Bleomycin;Phenicol;Fosfomycin;Quinolone;Sulfonamide,Amikacin;Tobramycin;Aminoglycoside;Hygromycin;Kanamycin;Florfenicol;Macrolide;Streptothricin;Tetracycline,Amikacin;Gentamicin;Tobramycin;Amoxicillin;Piperacillin;Piperacillin/Tazobactam;Ceftazidime;Meropenem;Imipenem;Ciprofloxacin;Levofloxacin;Ampicillin,,Colistin,,Roth37;Roth39;Roth49;Roth50;Roth08;Roth74;Roth75;Roth42;Roth87;Roth24;Roth30;Roth44;Roth71;Roth84;Roth10;Roth83;Roth09;Roth93;Roth85;Roth61;Roth47;Roth96;Roth72;RothD;Roth32;RothG;RothJ;RothI;Roth88;Roth27;Roth22;Roth90;Roth26;Roth41;Roth23;Roth19;Roth20;Roth04;Roth78;Roth67;Roth77;Roth16;Roth17;Roth21;Roth34,Roth51;Roth80;Roth66;Roth68;Roth76;Roth79;Roth01,,Roth37;Roth39;Roth49;Roth50;Roth08;Roth74;Roth75;Roth42;Roth87;Roth24;Roth30;Roth44;Roth71;Roth84;Roth10;Roth83;Roth09;Roth93;Roth85;Roth61;Roth47;Roth96;Roth72;RothD;Roth32;RothG;RothJ;RothI;Roth88;Roth27;Roth22;Roth90;Roth26;Roth41;Roth23;Roth19;Roth20;Roth04;Roth78;Roth67;Roth77;Roth16;Roth17;Roth21;Roth51;Roth80;Roth66;Roth68;Roth76;Roth34;Roth79,Roth01,,,,CFI118NDM1
CFI_134_NDM1,Klebsiella pneumoniae,JBELWM000000000,,KL112,unknown (KL112),O1/O2v1,O1ab,ST15,Yes,Yes,No,ybtP;ybtQ;ybtX;ybtS;ybtA;ybtE;ybtT;ybtU;yagV;yagW;yagX;yagY;yagZ;ykgK;ompA;fyuA;irp1;irp2;entA;entB;fepC,astA;iroB;iroC;iroD;iroN;iucA;iucB;iucC;iutA;mchF;peg-344;rmpA;rmpA2;rmpC;rmpD;entE;espX5;fepD;fepG;fliG;fliM;fliN;flgH,fieF;qacEdelta1,arsA;arsB;arsC;arsD;arsR;clpK;crcB;hdeD-GI;hsp20;kefB-GI;merA;merC;merD;merE;merF;merP;merR;merT;ncrA;ncrB;ncrC;ncrY;pcoA;pcoB;pcoC;pcoD;pcoE;pcoR;pcoS;psi-GI;qacE;qacL;shsP;silA;silB;silC;silE;silF;silP;silR;silS;smr;terB;terC;terD;terE;trxLHR;yfdX1;yfdX2,AbiE;AbiH;Borvo;cas_type-I-E;CBASS_I;Gabija;Hachiman_type_I;HEC-05;Lamassu_family;PD-Lambda-1;PD-T4-5;PD-T7-1;PD-T7-1or5;PDC-S02;PDC-S04;PDC-S07;PDC-S12;PDC-S13;PDC-S31;RM_Type_I;RM_Type_IV;RosmerTA;VSPR;Zorya_TypeI,AbiC;AbiD;AbiL;AbiU;AVAST_II;AVAST_V;BREX_I;BstA;Bunzi;CapRel;CBASS_II;DarTG;DISARM_1;Dnd_ABCDE;Dnd_FGH;Dpd;DRT_1;DRT_2;DRT_3;DRT_4;Druantia_II;Druantia_III;dXTPase;GAO_19;Gao_Ape;Hhe;HEC-01;HEC-04;HEC-06;HEC-08;HEC-09;ietAS;Juk;Kiwa;Lit;mads;Menshen;Mok_Hok_Sok;Mokosh_TypeI;Mokosh_TypeII;NLR_like;Olokun;Paris;PD-T4-3;PD-T4-4;PD-T4-6;PD-T7-2;PD-T7-4;PDC-S05;PDC-S06;PDC-S08;PDC-S09;PDC-S11;PDC-S15;PDC-S20;PDC-S21;PDC-S25;PDC-S26;PDC-S29;PDC-S33;PDC-S36;PDC-S39;PDC-S45;PDC-S47;PDC-S60;PDC-S66;PDC-S67;PDC_M01;PDC-M03;PDC-M04;PDC-M06;PDC-M09;PDC-M18;PDC-M26;PDC-M29;PDC-M38;PDC-M40;PDC-M54;PDC-M62;PDC-M63;PDC-M66;PfiAT;PifA;ppl;PrrC;Pycsar_effector;Radar;Retron_I_A;Retron_I-B;Retron_I_C;Retron_II-A;Retron_III;Retron_III-A;RIoC;RM_Type_II;RM_Type_IIG;RM_Type_III;Rst_3HP;Rst_TIR-NLR;SanaTA;SEFIR;Septu_type_I;Shango;Shedu;ShosTA;SoFic;tmn;Uzume;Wadjet_I,Amikacin;Gentamicin;Tobramycin;Aminoglycoside;Kanamycin;Carbapenem;Cephalosporin;Bleomycin;Phenicol;Fosfomycin;Quinolone;Sulfonamide,Hygromycin;Streptomycin;Chloramphenicol;Florfenicol;Rifamycin;Trimethoprim;Beta-lactam;Macrolide;Streptothricin;Tetracycline,Amikacin;Gentamicin;Tobramycin;Amoxicillin;Piperacillin;Piperacillin/Tazobactam;Ceftazidime;Meropenem;Imipenem;Ciprofloxacin;Levofloxacin;Ampicillin,,Colistin,Roth37;Roth39;Roth42;Roth24;Roth30;Roth84;Roth10;Roth83;Roth09;Roth93;Roth85;Roth47;Roth96;Roth72;Roth88;Roth27;Roth22;Roth26;Roth41;Roth23;Roth51;Roth80;Roth66;Roth68;Roth76;Roth79;Roth01,Roth49;Roth50;Roth08;Roth74;Roth75;Roth87;Roth44;Roth71;Roth61;RothD;Roth32;RothG;RothJ;RothI;Roth90;Roth19;Roth20;Roth04;Roth78;Roth16;Roth17;Roth21;Roth34,Roth67;Roth77,Roth74;Roth75;Roth42;Roth87;Roth24;Roth71;Roth84;Roth10;Roth83;Roth09;Roth93;Roth85;Roth61;Roth47;Roth96;Roth72;Roth88;Roth27;Roth22;Roth90;Roth26;Roth23;Roth51;Roth66;Roth68;Roth76;Roth34;Roth01,Roth37;Roth39;Roth49;Roth50;Roth08;Roth30;Roth44;RothD;Roth32;RothG;RothJ;RothI;Roth41;Roth19;Roth20;Roth04;Roth78;Roth67;Roth77;Roth16;Roth17;Roth21;Roth80;Roth79,,,,,CFI134NDM1
KPUK01,Klebsiella pneumoniae,JBELWH000000000,,KL24,Capsul null,O1/O2v1,O1ab,ST15,Yes,No,No,yagV;yagW;yagX;yagY;yagZ;ykgK;ompA;entA;entB;fepC,astA;iroB;iroC;iroD;iroN;iucA;iucB;iucC;iutA;mchF;peg-344;rmpA;rmpA2;rmpC;rmpD;ybtP;ybtQ;ybtX;ybtS;ybtA;ybtE;ybtT;ybtU;fyuA;irp1;irp2;entE;espX5;fepD;fepG;fliG;fliM;fliN;flgH,arsA;arsB;arsC;arsD;arsR;fieF;merD;merE;merF;merR;merT;pcoA;pcoB;pcoC;pcoD;pcoR;pcoS;silA;silB;silC;silE;silF;silP;silR;silS,clpK;crcB;hdeD-GI;hsp20;kefB-GI;merA;merC;merP;ncrA;ncrB;ncrC;ncrY;pcoE;psi-GI;qacE;qacEdelta1;qacL;shsP;smr;terB;terC;terD;terE;trxLHR;yfdX1;yfdX2,AbiE;CBASS_I;Druantia_III;Gabija;Hachiman_type_I;Lamassu_family;Mok_Hok_Sok;PD-T4-5;PD-T7-1;PD-T7-1or5;PDC-S02;PDC-S04;PDC-S07;PDC-S12;PDC-S13;PDC-S15;RM_Type_I;RM_Type_II;RM_Type_IV;RosmerTA;SEFIR;VSPR;Zorya_TypeI,AbiC;AbiD;AbiH;AbiL;AbiU;AVAST_II;AVAST_V;Borvo;BREX_I;BstA;Bunzi;CapRel;cas_type-I-E;CBASS_II;DarTG;DISARM_1;Dnd_ABCDE;Dnd_FGH;Dpd;DRT_1;DRT_2;DRT_3;DRT_4;Druantia_II;dXTPase;GAO_19;Gao_Ape;Hhe;HEC-01;HEC-04;HEC-05;HEC-06;HEC-08;HEC-09;ietAS;Juk;Kiwa;Lit;mads;Menshen;Mokosh_TypeI;Mokosh_TypeII;NLR_like;Olokun;Paris;PD-Lambda-1;PD-T4-3;PD-T4-4;PD-T4-6;PD-T7-2;PD-T7-4;PDC-S05;PDC-S06;PDC-S08;PDC-S09;PDC-S11;PDC-S20;PDC-S21;PDC-S25;PDC-S26;PDC-S29;PDC-S31;PDC-S33;PDC-S36;PDC-S39;PDC-S45;PDC-S47;PDC-S60;PDC-S66;PDC-S67;PDC_M01;PDC-M03;PDC-M04;PDC-M06;PDC-M09;PDC-M18;PDC-M26;PDC-M29;PDC-M38;PDC-M40;PDC-M54;PDC-M62;PDC-M63;PDC-M66;PfiAT;PifA;ppl;PrrC;Pycsar_effector;Radar;Retron_I_A;Retron_I-B;Retron_I_C;Retron_II-A;Retron_III;Retron_III-A;RIoC;RM_Type_IIG;RM_Type_III;Rst_3HP;Rst_TIR-NLR;SanaTA;Septu_type_I;Shango;Shedu;ShosTA;SoFic;tmn;Uzume;Wadjet_I,Amikacin;Tobramycin;Kanamycin;Trimethoprim;Cephalosporin;Phenicol;Fosfomycin;Quinolone,Gentamicin;Aminoglycoside;Hygromycin;Streptomycin;Chloramphenicol;Florfenicol;Rifamycin;Beta-lactam;Carbapenem;Bleomycin;Macrolide;Streptothricin;Sulfonamide;Tetracycline,Amoxicillin;Piperacillin;Ceftazidime;Ciprofloxacin;Levofloxacin;Ampicillin,,Amikacin;Gentamicin;Tobramycin;Piperacillin/Tazobactam;Meropenem;Imipenem;Colistin,,Roth37;Roth39;Roth49;Roth50;Roth08;Roth74;Roth75;Roth42;Roth87;Roth24;Roth30;Roth44;Roth71;Roth84;Roth10;Roth83;Roth09;Roth93;Roth85;Roth61;Roth47;Roth96;Roth72;RothD;Roth32;RothG;RothJ;RothI;Roth88;Roth27;Roth22;Roth90;Roth26;Roth41;Roth23;Roth19;Roth20;Roth04;Roth78;Roth67;Roth77;Roth16;Roth17;Roth21;Roth51;Roth80;Roth66;Roth68;Roth76;Roth34;Roth79;Roth01,,,Roth37;Roth39;Roth49;Roth50;Roth08;Roth74;Roth75;Roth42;Roth87;Roth24;Roth30;Roth44;Roth71;Roth84;Roth10;Roth83;Roth09;Roth93;Roth85;Roth61;Roth47;Roth96;Roth72;RothD;Roth32;RothG;RothJ;RothI;Roth88;Roth27;Roth22;Roth90;Roth26;Roth41;Roth23;Roth19;Roth20;Roth04;Roth78;Roth67;Roth77;Roth16;Roth17;Roth21;Roth51;Roth80;Roth66;Roth68;Roth76;Roth34;Roth79;Roth01,,2011,2011.0,,KPUK01
CFI_014_VIM4,Klebsiella pneumoniae,JBELWU000000000,,KL24,K24,O1/O2v1,O1ab,ST15,Yes,Yes,No,ybtP;ybtQ;ybtX;ybtS;ybtA;ybtE;ybtT;ybtU;yagV;yagW;yagX;yagY;yagZ;ykgK;ompA;fyuA;irp1;irp2;entA;entB;fepC,astA;iroB;iroC;iroD;iroN;iucA;iucB;iucC;iutA;mchF;peg-344;rmpA;rmpA2;rmpC;rmpD;entE;espX5;fepD;fepG;fliG;fliM;fliN;flgH,arsA;arsC;arsD;arsR;clpK;fieF;hsp20;pcoA;pcoB;pcoC;pcoD;pcoE;pcoR;pcoS;qacE;silA;silB;silC;silE;silF;silP;silR;silS;smr,arsB;crcB;hdeD-GI;kefB-GI;merA;merC;merD;merE;merF;merP;merR;merT;ncrA;ncrB;ncrC;ncrY;psi-GI;qacEdelta1;qacL;shsP;terB;terC;terD;terE;trxLHR;yfdX1;yfdX2,AbiE;BREX_I;cas_type-I-E;Gabija;Hachiman_type_I;Lamassu_family;Mok_Hok_Sok;PD-T4-5;PDC-S04;PDC-S07;PDC-S11;PDC-S12;PDC-S13;PDC-M38;RM_Type_I;RM_Type_IV;RosmerTA;VSPR;Zorya_TypeI,AbiC;AbiD;AbiH;AbiL;AbiU;AVAST_II;AVAST_V;Borvo;BstA;Bunzi;CapRel;CBASS_I;CBASS_II;DarTG;DISARM_1;Dnd_ABCDE;Dnd_FGH;Dpd;DRT_1;DRT_2;DRT_3;DRT_4;Druantia_II;Druantia_III;dXTPase;GAO_19;Gao_Ape;Hhe;HEC-01;HEC-04;HEC-05;HEC-06;HEC-08;HEC-09;ietAS;Juk;Kiwa;Lit;mads;Menshen;Mokosh_TypeI;Mokosh_TypeII;NLR_like;Olokun;Paris;PD-Lambda-1;PD-T4-3;PD-T4-4;PD-T4-6;PD-T7-1;PD-T7-2;PD-T7-4;PD-T7-1or5;PDC-S02;PDC-S05;PDC-S06;PDC-S08;PDC-S09;PDC-S15;PDC-S20;PDC-S21;PDC-S25;PDC-S26;PDC-S29;PDC-S31;PDC-S33;PDC-S36;PDC-S39;PDC-S45;PDC-S47;PDC-S60;PDC-S66;PDC-S67;PDC_M01;PDC-M03;PDC-M04;PDC-M06;PDC-M09;PDC-M18;PDC-M26;PDC-M29;PDC-M40;PDC-M54;PDC-M62;PDC-M63;PDC-M66;PfiAT;PifA;ppl;PrrC;Pycsar_effector;Radar;Retron_I_A;Retron_I-B;Retron_I_C;Retron_II-A;Retron_III;Retron_III-A;RIoC;RM_Type_II;RM_Type_IIG;RM_Type_III;Rst_3HP;Rst_TIR-NLR;SanaTA;SEFIR;Septu_type_I;Shango;Shedu;ShosTA;SoFic;tmn;Uzume;Wadjet_I,Amikacin;Gentamicin;Tobramycin;Kanamycin;Streptomycin;Trimethoprim;Beta-lactam;Carbapenem;Cephalosporin;Phenicol;Fosfomycin;Quinolone;Sulfonamide;Tetracycline,Aminoglycoside;Hygromycin;Chloramphenicol;Florfenicol;Rifamycin;Bleomycin;Macrolide;Streptothricin,Gentamicin;Tobramycin;Amoxicillin;Piperacillin;Piperacillin/Tazobactam;Ceftazidime;Meropenem;Imipenem;Ciprofloxacin;Levofloxacin;Ampicillin,,Amikacin;Colistin,Roth39;Roth49;Roth50;Roth08;Roth74;Roth75;Roth42;Roth87;Roth24;Roth30;Roth44;Roth71;Roth84;Roth10;Roth83;Roth09;Roth93;Roth85;Roth61;Roth47;Roth96;Roth72;Roth88;Roth22;Roth90;Roth23,Roth37;RothD;Roth32;RothG;RothJ;RothI;Roth19;Roth20;Roth67;Roth77;Roth16;Roth17;Roth21;Roth51;Roth80;Roth66;Roth68;Roth76;Roth34;Roth79;Roth01,Roth27;Roth26;Roth41;Roth04;Roth78,Roth37;Roth39;Roth49;Roth50;Roth08;Roth74;Roth75;Roth42;Roth87;Roth24;Roth30;Roth44;Roth71;Roth10;Roth85;Roth61;Roth72,Roth84;Roth83;Roth09;Roth93;Roth47;Roth96;RothD;Roth32;RothG;RothJ;RothI;Roth27;Roth22;Roth90;Roth26;Roth19;Roth20;Roth04;Roth78;Roth67;Roth77;Roth16;Roth17;Roth21;Roth51;Roth80;Roth66;Roth68;Roth76;Roth34;Roth79;Roth01,Roth88;Roth41;Roth23,,,,CFI014VIM4
18,Klebsiella pneumoniae,JBELXD000000000,,KL112,Capsule null,O1/O2v1,O1ab,ST15,Yes,Yes,No,yagV;yagW;yagX;yagY;yagZ;ykgK;ompA;entA;entB;fepC,astA;iroB;iroC;iroD;iroN;iucA;iucB;iucC;iutA;mchF;peg-344;rmpA;rmpA2;rmpC;rmpD;ybtP;ybtQ;ybtX;ybtS;ybtA;ybtE;ybtT;ybtU;fyuA;irp1;irp2;entE;espX5;fepD;fepG;fliG;fliM;fliN;flgH,arsA;arsB;arsC;arsD;arsR;clpK;fieF;hsp20;merD;merF;merP;merR;merT;pcoA;pcoB;pcoC;pcoD;pcoE;pcoR;pcoS;silA;silB;silC;silE;silF;silP;silR;silS,crcB;hdeD-GI;kefB-GI;merA;merC;merE;ncrA;ncrB;ncrC;ncrY;psi-GI;qacE;qacEdelta1;qacL;shsP;smr;terB;terC;terD;terE;trxLHR;yfdX1;yfdX2,AbiE;cas_type-I-E;CBASS_I;Druantia_III;Gabija;Hachiman_type_I;Lamassu_family;Mok_Hok_Sok;PD-T4-5;PDC-S02;PDC-S04;PDC-S07;PDC-S12;PDC-S13;PDC-M38;RM_Type_I;RM_Type_IV;RosmerTA;SEFIR;VSPR;Zorya_TypeI,AbiC;AbiD;AbiH;AbiL;AbiU;AVAST_II;AVAST_V;Borvo;BREX_I;BstA;Bunzi;CapRel;CBASS_II;DarTG;DISARM_1;Dnd_ABCDE;Dnd_FGH;Dpd;DRT_1;DRT_2;DRT_3;DRT_4;Druantia_II;dXTPase;GAO_19;Gao_Ape;Hhe;HEC-01;HEC-04;HEC-05;HEC-06;HEC-08;HEC-09;ietAS;Juk;Kiwa;Lit;mads;Menshen;Mokosh_TypeI;Mokosh_TypeII;NLR_like;Olokun;Paris;PD-Lambda-1;PD-T4-3;PD-T4-4;PD-T4-6;PD-T7-1;PD-T7-2;PD-T7-4;PD-T7-1or5;PDC-S05;PDC-S06;PDC-S08;PDC-S09;PDC-S11;PDC-S15;PDC-S20;PDC-S21;PDC-S25;PDC-S26;PDC-S29;PDC-S31;PDC-S33;PDC-S36;PDC-S39;PDC-S45;PDC-S47;PDC-S60;PDC-S66;PDC-S67;PDC_M01;PDC-M03;PDC-M04;PDC-M06;PDC-M09;PDC-M18;PDC-M26;PDC-M29;PDC-M40;PDC-M54;PDC-M62;PDC-M63;PDC-M66;PfiAT;PifA;ppl;PrrC;Pycsar_effector;Radar;Retron_I_A;Retron_I-B;Retron_I_C;Retron_II-A;Retron_III;Retron_III-A;RIoC;RM_Type_II;RM_Type_IIG;RM_Type_III;Rst_3HP;Rst_TIR-NLR;SanaTA;Septu_type_I;Shango;Shedu;ShosTA;SoFic;tmn;Uzume;Wadjet_I,Cephalosporin;Phenicol;Fosfomycin;Quinolone,Amikacin;Gentamicin;Tobramycin;Aminoglycoside;Hygromycin;Kanamycin;Streptomycin;Chloramphenicol;Florfenicol;Rifamycin;Trimethoprim;Beta-lactam;Carbapenem;Bleomycin;Macrolide;Streptothricin;Sulfonamide;Tetracycline,Amoxicillin;Piperacillin;Ciprofloxacin;Levofloxacin;Ampicillin,,Amikacin;Gentamicin;Tobramycin;Piperacillin/Tazobactam;Ceftazidime;Meropenem;Imipenem;Colistin,Roth08;Roth74;Roth75;Roth42;Roth87;Roth24;Roth30;Roth44;Roth93;Roth88;Roth27;Roth22;Roth90;Roth26;Roth41;Roth23,Roth37;Roth39;Roth49;Roth50;Roth71;Roth84;Roth10;Roth83;Roth09;Roth85;Roth61;Roth47;Roth96;Roth72;RothD;Roth32;RothG;RothJ;RothI;Roth19;Roth04;Roth77,Roth20;Roth78;Roth67;Roth16;Roth17;Roth21;Roth51;Roth80;Roth66;Roth68;Roth76;Roth34;Roth79;Roth01,Roth08;Roth74;Roth75;Roth42;Roth87;Roth24;Roth30;Roth44;Roth88;Roth22;Roth90;Roth26;Roth41;Roth23,Roth37;Roth39;Roth49;Roth50;Roth71;Roth84;Roth10;Roth83;Roth09;Roth93;Roth85;Roth61;Roth47;Roth96;Roth72;RothD;Roth32;RothG;RothJ;RothI;Roth27;Roth19;Roth20;Roth04;Roth78;Roth67;Roth77;Roth17;Roth21;Roth51;Roth80;Roth66;Roth68;Roth76;Roth79,Roth16;Roth34;Roth01,2008,2008.0,,18
CFI_128_NDM1,Klebsiella pneumoniae,JBELWO000000000,,KL2,K2,O1/O2v1,O1ab,ST14,Yes,No,No,ybtP;ybtQ;ybtX;ybtS;ybtE;ybtT;ybtU;yagV;yagW;yagX;yagY;yagZ;ykgK;ompA;fyuA;irp1;irp2;entA;entB;fepC,astA;iroB;iroC;iroD;iroN;iucA;iucB;iucC;iutA;mchF;peg-344;rmpA;rmpA2;rmpC;rmpD;ybtA;entE;espX5;fepD;fepG;fliG;fliM;fliN;flgH,fieF;merA;merD;merE;merR;merT;qacEdelta1;terB;terC;terD;terE,arsA;arsB;arsC;arsD;arsR;clpK;crcB;hdeD-GI;hsp20;kefB-GI;merC;merF;merP;ncrA;ncrB;ncrC;ncrY;pcoA;pcoB;pcoC;pcoD;pcoE;pcoR;pcoS;psi-GI;qacE;qacL;shsP;silA;silB;silC;silE;silF;silP;silR;silS;smr;trxLHR;yfdX1;yfdX2,AbiE;AbiL;cas_type-I-E;CBASS_II;Druantia_III;Hachiman_type_I;Mok_Hok_Sok;Mokosh_TypeII;PD-T4-5;PDC-S02;PDC-S04;PDC-S07;PDC-S12;PDC-S13;PDC-S15;PDC-S29;PDC-S31;PDC-S67;PrrC;RM_Type_I;RM_Type_II;RM_Type_IV;ShosTA;VSPR;Zorya_TypeI,AbiC;AbiD;AbiH;AbiU;AVAST_II;AVAST_V;Borvo;BREX_I;BstA;Bunzi;CapRel;CBASS_I;DarTG;DISARM_1;Dnd_ABCDE;Dnd_FGH;Dpd;DRT_1;DRT_2;DRT_3;DRT_4;Druantia_II;dXTPase;Gabija;GAO_19;Gao_Ape;Hhe;HEC-01;HEC-04;HEC-05;HEC-06;HEC-08;HEC-09;ietAS;Juk;Kiwa;Lamassu_family;Lit;mads;Menshen;Mokosh_TypeI;NLR_like;Olokun;Paris;PD-Lambda-1;PD-T4-3;PD-T4-4;PD-T4-6;PD-T7-1;PD-T7-2;PD-T7-4;PD-T7-1or5;PDC-S05;PDC-S06;PDC-S08;PDC-S09;PDC-S11;PDC-S20;PDC-S21;PDC-S25;PDC-S26;PDC-S33;PDC-S36;PDC-S39;PDC-S45;PDC-S47;PDC-S60;PDC-S66;PDC_M01;PDC-M03;PDC-M04;PDC-M06;PDC-M09;PDC-M18;PDC-M26;PDC-M29;PDC-M38;PDC-M40;PDC-M54;PDC-M62;PDC-M63;PDC-M66;PfiAT;PifA;ppl;Pycsar_effector;Radar;Retron_I_A;Retron_I-B;Retron_I_C;Retron_II-A;Retron_III;Retron_III-A;RIoC;RM_Type_IIG;RM_Type_III;RosmerTA;Rst_3HP;Rst_TIR-NLR;SanaTA;SEFIR;Septu_type_I;Shango;Shedu;SoFic;tmn;Uzume;Wadjet_I,Amikacin;Gentamicin;Tobramycin;Kanamycin;Streptomycin;Chloramphenicol;Rifamycin;Trimethoprim;Beta-lactam;Carbapenem;Cephalosporin;Bleomycin;Macrolide;Streptothricin;Phenicol;Fosfomycin;Quinolone;Sulfonamide,Aminoglycoside;Hygromycin;Florfenicol;Tetracycline,Amikacin;Gentamicin;Tobramycin;Amoxicillin;Piperacillin;Piperacillin/Tazobactam;Ceftazidime;Meropenem;Imipenem;Ciprofloxacin;Levofloxacin;Colistin;Ampicillin,,,,Roth37;Roth39;Roth49;Roth50;Roth08;Roth74;Roth75;Roth42;Roth87;Roth24;Roth30;Roth44;Roth71;Roth84;Roth10;Roth83;Roth09;Roth93;Roth85;Roth61;Roth47;Roth96;Roth72;RothD;Roth32;RothG;RothJ;RothI;Roth22;Roth90;Roth19;Roth20;Roth04;Roth67;Roth51;Roth80;Roth66;Roth68;Roth34;Roth01,Roth88;Roth27;Roth26;Roth41;Roth23;Roth78;Roth77;Roth16;Roth17;Roth21;Roth76;Roth79,,Roth37;Roth39;Roth49;Roth50;Roth08;Roth74;Roth75;Roth42;Roth87;Roth24;Roth30;Roth44;Roth71;Roth84;Roth10;Roth83;Roth09;Roth93;Roth85;Roth61;Roth47;Roth96;Roth72;RothD;Roth32;RothG;RothJ;RothI;Roth88;Roth27;Roth22;Roth90;Roth26;Roth41;Roth23;Roth19;Roth20;Roth04;Roth78;Roth67;Roth77;Roth16;Roth17;Roth21;Roth51;Roth80;Roth66;Roth68;Roth76;Roth34;Roth79,Roth01,,,,CFI128NDM1
KPUK04a,Klebsiella pneumoniae,JBELWF000000000,,KL2,K2,O1/O2v1,O1ab,ST14,Yes,Yes,No,ybtP;ybtQ;ybtX;ybtS;ybtA;ybtE;ybtT;ybtU;yagV;yagW;yagX;yagY;yagZ;ykgK;ompA;fyuA;irp1;irp2;entA;entB;fepC,astA;iroB;iroC;iroD;iroN;iucA;iucB;iucC;iutA;mchF;peg-344;rmpA;rmpA2;rmpC;rmpD;entE;espX5;fepD;fepG;fliG;fliM;fliN;flgH,,arsA;arsB;arsC;arsD;arsR;clpK;crcB;fieF;hdeD-GI;hsp20;kefB-GI;merA;merC;merD;merE;merF;merP;merR;merT;ncrA;ncrB;ncrC;ncrY;pcoA;pcoB;pcoC;pcoD;pcoE;pcoR;pcoS;psi-GI;qacE;qacEdelta1;qacL;shsP;silA;silB;silC;silE;silF;silP;silR;silS;smr;terB;terC;terD;terE;trxLHR;yfdX1;yfdX2,AbiE;cas_type-I-E;CBASS_II;Druantia_III;Hhe;Hachiman_type_I;Mok_Hok_Sok;Paris;PD-T4-5;PDC-S02;PDC-S04;PDC-S07;PDC-S12;PDC-S13;PDC-S31;PDC-S67;PrrC;RM_Type_I;RM_Type_II;RM_Type_IV;Shango;ShosTA;VSPR;Zorya_TypeI,AbiC;AbiD;AbiH;AbiL;AbiU;AVAST_II;AVAST_V;Borvo;BREX_I;BstA;Bunzi;CapRel;CBASS_I;DarTG;DISARM_1;Dnd_ABCDE;Dnd_FGH;Dpd;DRT_1;DRT_2;DRT_3;DRT_4;Druantia_II;dXTPase;Gabija;GAO_19;Gao_Ape;HEC-01;HEC-04;HEC-05;HEC-06;HEC-08;HEC-09;ietAS;Juk;Kiwa;Lamassu_family;Lit;mads;Menshen;Mokosh_TypeI;Mokosh_TypeII;NLR_like;Olokun;PD-Lambda-1;PD-T4-3;PD-T4-4;PD-T4-6;PD-T7-1;PD-T7-2;PD-T7-4;PD-T7-1or5;PDC-S05;PDC-S06;PDC-S08;PDC-S09;PDC-S11;PDC-S15;PDC-S20;PDC-S21;PDC-S25;PDC-S26;PDC-S29;PDC-S33;PDC-S36;PDC-S39;PDC-S45;PDC-S47;PDC-S60;PDC-S66;PDC_M01;PDC-M03;PDC-M04;PDC-M06;PDC-M09;PDC-M18;PDC-M26;PDC-M29;PDC-M38;PDC-M40;PDC-M54;PDC-M62;PDC-M63;PDC-M66;PfiAT;PifA;ppl;Pycsar_effector;Radar;Retron_I_A;Retron_I-B;Retron_I_C;Retron_II-A;Retron_III;Retron_III-A;RIoC;RM_Type_IIG;RM_Type_III;RosmerTA;Rst_3HP;Rst_TIR-NLR;SanaTA;SEFIR;Septu_type_I;Shedu;SoFic;tmn;Uzume;Wadjet_I,Amikacin;Gentamicin;Kanamycin;Streptomycin;Chloramphenicol;Rifamycin;Trimethoprim;Beta-lactam;Carbapenem;Cephalosporin;Bleomycin;Macrolide;Streptothricin;Phenicol;Fosfomycin;Quinolone;Sulfonamide,Tobramycin;Aminoglycoside;Hygromycin;Florfenicol;Tetracycline,Amikacin;Gentamicin;Tobramycin;Amoxicillin;Piperacillin;Piperacillin/Tazobactam;Ceftazidime;Meropenem;Imipenem;Ciprofloxacin;Levofloxacin;Ampicillin,,Colistin,Roth88;Roth27;Roth22;Roth90;Roth26;Roth41;Roth23;Roth04;Roth78;Roth67;Roth77,Roth37;Roth39;Roth49;Roth50;Roth08;Roth74;Roth75;Roth42;Roth87;Roth24;Roth30;Roth44;Roth71;Roth84;Roth10;Roth83;Roth09;Roth93;Roth85;Roth61;Roth47;Roth96;Roth72;RothD;Roth32;RothG;RothJ;RothI;Roth19;Roth20;Roth16;Roth17;Roth21;Roth51;Roth80;Roth66;Roth68;Roth76;Roth34;Roth79;Roth01,,Roth22;Roth90;Roth26;Roth41;Roth23,Roth37;Roth39;Roth49;Roth50;Roth08;Roth74;Roth75;Roth42;Roth87;Roth24;Roth30;Roth44;Roth71;Roth84;Roth10;Roth83;Roth09;Roth93;Roth85;Roth61;Roth47;Roth96;Roth72;RothD;Roth32;RothG;RothJ;RothI;Roth88;Roth27;Roth19;Roth20;Roth04;Roth78;Roth67;Roth77;Roth16;Roth17;Roth21;Roth51;Roth80;Roth66;Roth68;Roth76;Roth34;Roth79;Roth01,,,,,KPUK04A
NCTC_13443,Klebsiella pneumoniae,NA,,KL2,K2,O1/O2v1,O1ab,ST14,Yes,Yes,No,ybtP;ybtQ;ybtX;ybtS;ybtA;ybtE;ybtT;ybtU;yagV;yagW;yagX;yagY;yagZ;ykgK;ompA;fyuA;irp1;irp2;entA;entB;fepC,astA;iroB;iroC;iroD;iroN;iucA;iucB;iucC;iutA;mchF;peg-344;rmpA;rmpA2;rmpC;rmpD;entE;espX5;fepD;fepG;fliG;fliM;fliN;flgH,arsA;arsB;arsC;arsD;arsR;clpK;fieF;hsp20;merA;merD;merE;merR;merT;pcoA;pcoB;pcoC;pcoD;pcoE;pcoR;pcoS;qacEdelta1;silA;silB;silC;silE;silF;silP;silR;silS,crcB;hdeD-GI;kefB-GI;merC;merF;merP;ncrA;ncrB;ncrC;ncrY;psi-GI;qacE;qacL;shsP;smr;terB;terC;terD;terE;trxLHR;yfdX1;yfdX2,AbiE;cas_type-I-E;CBASS_II;Druantia_III;Hhe;Hachiman_type_I;Mok_Hok_Sok;Paris;PD-T4-5;PDC-S02;PDC-S04;PDC-S07;PDC-S12;PDC-S13;PDC-S31;PDC-S67;PrrC;RM_Type_I;RM_Type_II;RM_Type_IV;Shango;ShosTA;VSPR;Zorya_TypeI,AbiC;AbiD;AbiH;AbiL;AbiU;AVAST_II;AVAST_V;Borvo;BREX_I;BstA;Bunzi;CapRel;CBASS_I;DarTG;DISARM_1;Dnd_ABCDE;Dnd_FGH;Dpd;DRT_1;DRT_2;DRT_3;DRT_4;Druantia_II;dXTPase;Gabija;GAO_19;Gao_Ape;HEC-01;HEC-04;HEC-05;HEC-06;HEC-08;HEC-09;ietAS;Juk;Kiwa;Lamassu_family;Lit;mads;Menshen;Mokosh_TypeI;Mokosh_TypeII;NLR_like;Olokun;PD-Lambda-1;PD-T4-3;PD-T4-4;PD-T4-6;PD-T7-1;PD-T7-2;PD-T7-4;PD-T7-1or5;PDC-S05;PDC-S06;PDC-S08;PDC-S09;PDC-S11;PDC-S15;PDC-S20;PDC-S21;PDC-S25;PDC-S26;PDC-S29;PDC-S33;PDC-S36;PDC-S39;PDC-S45;PDC-S47;PDC-S60;PDC-S66;PDC_M01;PDC-M03;PDC-M04;PDC-M06;PDC-M09;PDC-M18;PDC-M26;PDC-M29;PDC-M38;PDC-M40;PDC-M54;PDC-M62;PDC-M63;PDC-M66;PfiAT;PifA;ppl;Pycsar_effector;Radar;Retron_I_A;Retron_I-B;Retron_I_C;Retron_II-A;Retron_III;Retron_III-A;RIoC;RM_Type_IIG;RM_Type_III;RosmerTA;Rst_3HP;Rst_TIR-NLR;SanaTA;SEFIR;Septu_type_I;Shedu;SoFic;tmn;Uzume;Wadjet_I,Gentamicin;Streptomycin;Chloramphenicol;Rifamycin;Trimethoprim;Beta-lactam;Carbapenem;Cephalosporin;Bleomycin;Macrolide;Streptothricin;Phenicol;Fosfomycin;Sulfonamide,Amikacin;Tobramycin;Aminoglycoside;Hygromycin;Kanamycin;Florfenicol;Quinolone;Tetracycline,Amikacin;Gentamicin;Tobramycin;Amoxicillin;Piperacillin;Piperacillin/Tazobactam;Ceftazidime;Meropenem;Imipenem;Ciprofloxacin;Levofloxacin;Ampicillin,,Colistin,Roth88;Roth27;Roth22;Roth90;Roth26;Roth41;Roth23,Roth37;Roth39;Roth49;Roth50;Roth08;Roth74;Roth75;Roth42;Roth87;Roth24;Roth30;Roth44;Roth71;Roth84;Roth10;Roth83;Roth09;Roth93;Roth85;Roth61;Roth47;Roth96;Roth72;RothD;Roth32;RothG;RothJ;RothI;Roth19;Roth20;Roth04;Roth78;Roth67;Roth77;Roth16;Roth17;Roth21;Roth51;Roth80;Roth66;Roth68;Roth76;Roth34;Roth79;Roth01,,Roth88;Roth27;Roth22;Roth26;Roth41;Roth23,Roth37;Roth39;Roth49;Roth50;Roth08;Roth74;Roth75;Roth42;Roth87;Roth24;Roth30;Roth44;Roth71;Roth84;Roth10;Roth83;Roth09;Roth93;Roth85;Roth61;Roth47;Roth96;Roth72;RothD;Roth32;RothG;RothJ;RothI;Roth90;Roth19;Roth20;Roth04;Roth78;Roth67;Roth77;Roth16;Roth17;Roth21;Roth51;Roth80;Roth66;Roth68;Roth76;Roth34;Roth79;Roth01,,2009,2009.0,,NCTC13443
CFI_146_OXA48,Klebsiella pneumoniae,JBELWK000000000,,KL2,K2,O1/O2v1,O1ab,ST14,Yes,No,No,yagV;yagW;yagX;yagY;yagZ;ykgK;ompA;entA;entB;fepC,astA;iroB;iroC;iroD;iroN;iucA;iucB;iucC;iutA;mchF;peg-344;rmpA;rmpA2;rmpC;rmpD;ybtP;ybtQ;ybtX;ybtS;ybtA;ybtE;ybtT;ybtU;fyuA;irp1;irp2;entE;espX5;fepD;fepG;fliG;fliM;fliN;flgH,arsA;arsB;arsC;arsD;arsR;clpK;fieF;hsp20;pcoA;pcoB;pcoC;pcoD;pcoE;pcoR;pcoS;silA;silB;silC;silE;silF;silP;silR;silS;terB;terC;terD;terE,crcB;hdeD-GI;kefB-GI;merA;merC;merD;merE;merF;merP;merR;merT;ncrA;ncrB;ncrC;ncrY;psi-GI;qacE;qacEdelta1;qacL;shsP;smr;trxLHR;yfdX1;yfdX2,AbiE;cas_type-I-E;Druantia_III;Gabija;Mok_Hok_Sok;Mokosh_TypeII;Paris;PD-Lambda-1;PD-T4-5;PDC-S02;PDC-S04;PDC-S07;PDC-S12;PDC-S13;PDC-S26;Pycsar_effector;RM_Type_I;RM_Type_II;RM_Type_III;RM_Type_IV;Rst_3HP;VSPR;Zorya_TypeI,AbiC;AbiD;AbiH;AbiL;AbiU;AVAST_II;AVAST_V;Borvo;BREX_I;BstA;Bunzi;CapRel;CBASS_I;CBASS_II;DarTG;DISARM_1;Dnd_ABCDE;Dnd_FGH;Dpd;DRT_1;DRT_2;DRT_3;DRT_4;Druantia_II;dXTPase;GAO_19;Gao_Ape;Hhe;Hachiman_type_I;HEC-01;HEC-04;HEC-05;HEC-06;HEC-08;HEC-09;ietAS;Juk;Kiwa;Lamassu_family;Lit;mads;Menshen;Mokosh_TypeI;NLR_like;Olokun;PD-T4-3;PD-T4-4;PD-T4-6;PD-T7-1;PD-T7-2;PD-T7-4;PD-T7-1or5;PDC-S05;PDC-S06;PDC-S08;PDC-S09;PDC-S11;PDC-S15;PDC-S20;PDC-S21;PDC-S25;PDC-S29;PDC-S31;PDC-S33;PDC-S36;PDC-S39;PDC-S45;PDC-S47;PDC-S60;PDC-S66;PDC-S67;PDC_M01;PDC-M03;PDC-M04;PDC-M06;PDC-M09;PDC-M18;PDC-M26;PDC-M29;PDC-M38;PDC-M40;PDC-M54;PDC-M62;PDC-M63;PDC-M66;PfiAT;PifA;ppl;PrrC;Radar;Retron_I_A;Retron_I-B;Retron_I_C;Retron_II-A;Retron_III;Retron_III-A;RIoC;RM_Type_IIG;RosmerTA;Rst_TIR-NLR;SanaTA;SEFIR;Septu_type_I;Shango;Shedu;ShosTA;SoFic;tmn;Uzume;Wadjet_I,Carbapenem;Cephalosporin;Phenicol;Fosfomycin;Quinolone;Tetracycline,Amikacin;Gentamicin;Tobramycin;Aminoglycoside;Hygromycin;Kanamycin;Streptomycin;Chloramphenicol;Florfenicol;Rifamycin;Trimethoprim;Beta-lactam;Bleomycin;Macrolide;Streptothricin;Sulfonamide,Amoxicillin;Piperacillin;Piperacillin/Tazobactam;Ceftazidime;Meropenem;Imipenem;Ampicillin,,Amikacin;Gentamicin;Tobramycin;Ciprofloxacin;Levofloxacin;Colistin,,Roth37;Roth39;Roth49;Roth50;Roth08;Roth74;Roth75;Roth42;Roth87;Roth24;Roth30;Roth44;Roth71;Roth84;Roth10;Roth83;Roth09;Roth93;Roth85;Roth61;Roth47;Roth96;Roth72;RothD;Roth32;RothG;RothJ;RothI;Roth88;Roth27;Roth22;Roth90;Roth26;Roth41;Roth23;Roth19;Roth20;Roth04;Roth78;Roth67;Roth77;Roth16;Roth17;Roth21;Roth51;Roth80;Roth66;Roth68;Roth76;Roth34;Roth79;Roth01,,,Roth37;Roth39;Roth49;Roth50;Roth08;Roth74;Roth75;Roth42;Roth87;Roth24;Roth30;Roth44;Roth71;Roth84;Roth10;Roth83;Roth09;Roth93;Roth85;Roth61;Roth47;Roth96;Roth72;RothD;Roth32;RothG;RothJ;RothI;Roth88;Roth27;Roth22;Roth90;Roth26;Roth41;Roth23;Roth19;Roth20;Roth04;Roth78;Roth67;Roth77;Roth16;Roth17;Roth21;Roth51;Roth80;Roth66;Roth68;Roth76;Roth34;Roth79;Roth01,,,,,CFI146OXA48
CFI_001_VIM1,Klebsiella pneumoniae,JBELWV000000000,,KL2,Capsule null,O1/O2v1,O1ab,ST14,Yes,Yes,No,ybtP;ybtQ;ybtX;ybtS;ybtA;ybtE;ybtT;ybtU;yagV;yagW;yagX;yagY;yagZ;ykgK;ompA;fyuA;irp1;irp2;entA;entB;fepC,astA;iroB;iroC;iroD;iroN;iucA;iucB;iucC;iutA;mchF;peg-344;rmpA;rmpA2;rmpC;rmpD;entE;espX5;fepD;fepG;fliG;fliM;fliN;flgH,clpK;fieF;hsp20;merC;merP;merR;merT;pcoA;pcoB;pcoC;pcoD;pcoR;pcoS;qacEdelta1;silA;silB;silC;silE;silP;silR;silS,arsA;arsB;arsC;arsD;arsR;crcB;hdeD-GI;kefB-GI;merA;merD;merE;merF;ncrA;ncrB;ncrC;ncrY;pcoE;psi-GI;qacE;qacL;shsP;silF;smr;terB;terC;terD;terE;trxLHR;yfdX1;yfdX2,AbiE;BREX_I;cas_type-I-E;Gabija;Mok_Hok_Sok;PD-T4-4;PD-T4-5;PDC-S04;PDC-S07;PDC-S11;PDC-S12;PDC-S13;PDC-S26;PDC-M40;RM_Type_II;RM_Type_IV;SEFIR;VSPR;Zorya_TypeI,AbiC;AbiD;AbiH;AbiL;AbiU;AVAST_II;AVAST_V;Borvo;BstA;Bunzi;CapRel;CBASS_I;CBASS_II;DarTG;DISARM_1;Dnd_ABCDE;Dnd_FGH;Dpd;DRT_1;DRT_2;DRT_3;DRT_4;Druantia_II;Druantia_III;dXTPase;GAO_19;Gao_Ape;Hhe;Hachiman_type_I;HEC-01;HEC-04;HEC-05;HEC-06;HEC-08;HEC-09;ietAS;Juk;Kiwa;Lamassu_family;Lit;mads;Menshen;Mokosh_TypeI;Mokosh_TypeII;NLR_like;Olokun;Paris;PD-Lambda-1;PD-T4-3;PD-T4-6;PD-T7-1;PD-T7-2;PD-T7-4;PD-T7-1or5;PDC-S02;PDC-S05;PDC-S06;PDC-S08;PDC-S09;PDC-S15;PDC-S20;PDC-S21;PDC-S25;PDC-S29;PDC-S31;PDC-S33;PDC-S36;PDC-S39;PDC-S45;PDC-S47;PDC-S60;PDC-S66;PDC-S67;PDC_M01;PDC-M03;PDC-M04;PDC-M06;PDC-M09;PDC-M18;PDC-M26;PDC-M29;PDC-M38;PDC-M54;PDC-M62;PDC-M63;PDC-M66;PfiAT;PifA;ppl;PrrC;Pycsar_effector;Radar;Retron_I_A;Retron_I-B;Retron_I_C;Retron_II-A;Retron_III;Retron_III-A;RIoC;RM_Type_I;RM_Type_IIG;RM_Type_III;RosmerTA;Rst_3HP;Rst_TIR-NLR;SanaTA;Septu_type_I;Shango;Shedu;ShosTA;SoFic;tmn;Uzume;Wadjet_I,Amikacin;Gentamicin;Kanamycin;Streptomycin;Chloramphenicol;Trimethoprim;Carbapenem;Cephalosporin;Macrolide;Phenicol;Fosfomycin;Quinolone;Sulfonamide,Tobramycin;Aminoglycoside;Hygromycin;Florfenicol;Rifamycin;Beta-lactam;Bleomycin;Streptothricin;Tetracycline,Amikacin;Gentamicin;Tobramycin;Amoxicillin;Piperacillin;Piperacillin/Tazobactam;Ceftazidime;Meropenem;Imipenem;Ampicillin,,Ciprofloxacin;Levofloxacin;Colistin,Roth74;Roth75;Roth42;Roth87;Roth24;Roth30;Roth71;Roth84;Roth10;Roth83;Roth09;Roth93;Roth85;Roth61;Roth47;Roth96;Roth72;Roth88;Roth27;Roth22;Roth90;Roth26;Roth41;Roth23;Roth19;Roth20;Roth04;Roth78;Roth67;Roth77,Roth37;Roth39;Roth49;Roth50;Roth08;Roth44;RothD;Roth32;RothG;RothJ;RothI;Roth16;Roth17;Roth21;Roth51;Roth80;Roth66;Roth68;Roth76;Roth34;Roth79;Roth01,,Roth74;Roth87;Roth24;Roth10;Roth83;Roth93;Roth85;Roth61;Roth96;Roth88;Roth90;Roth26;Roth23;Roth19;Roth20;Roth04;Roth78,Roth37;Roth39;Roth49;Roth50;Roth08;Roth75;Roth42;Roth30;Roth44;Roth71;Roth84;Roth09;Roth47;Roth72;RothD;Roth32;RothG;RothJ;RothI;Roth27;Roth22;Roth41;Roth67;Roth77;Roth16;Roth17;Roth21;Roth51;Roth80;Roth66;Roth68;Roth76;Roth34;Roth79;Roth01,,,,,CFI001VIM1
KLEB14,Klebsiella pneumoniae,JBJHZC000000000,United Kingdom,KL2,K2,O1/O2v1,O2a,ST14,No,No,No,yagV;yagW;yagX;yagY;yagZ;ykgK;ompA;entA;entB;fepC,astA;iroB;iroC;iroD;iroN;iucA;iucB;iucC;iutA;mchF;peg-344;rmpA;rmpA2;rmpC;rmpD;ybtP;ybtQ;ybtX;ybtS;ybtA;ybtE;ybtT;ybtU;fyuA;irp1;irp2;entE;espX5;fepD;fepG;fliG;fliM;fliN;flgH,fieF;silC;silE;silF;silR;silS,arsA;arsB;arsC;arsD;arsR;clpK;crcB;hdeD-GI;hsp20;kefB-GI;merA;merC;merD;merE;merF;merP;merR;merT;ncrA;ncrB;ncrC;ncrY;pcoA;pcoB;pcoC;pcoD;pcoE;pcoR;pcoS;psi-GI;qacE;qacEdelta1;qacL;shsP;silA;silB;silP;smr;terB;terC;terD;terE;trxLHR;yfdX1;yfdX2,AbiE;cas_type-I-E;Druantia_III;HEC-01;PD-Lambda-1;PD-T4-5;PDC-S04;PDC-S07;PDC-S12;PDC-S13;RM_Type_I;RM_Type_IV;VSPR;Zorya_TypeI,AbiC;AbiD;AbiH;AbiL;AbiU;AVAST_II;AVAST_V;Borvo;BREX_I;BstA;Bunzi;CapRel;CBASS_I;CBASS_II;DarTG;DISARM_1;Dnd_ABCDE;Dnd_FGH;Dpd;DRT_1;DRT_2;DRT_3;DRT_4;Druantia_II;dXTPase;Gabija;GAO_19;Gao_Ape;Hhe;Hachiman_type_I;HEC-04;HEC-05;HEC-06;HEC-08;HEC-09;ietAS;Juk;Kiwa;Lamassu_family;Lit;mads;Menshen;Mok_Hok_Sok;Mokosh_TypeI;Mokosh_TypeII;NLR_like;Olokun;Paris;PD-T4-3;PD-T4-4;PD-T4-6;PD-T7-1;PD-T7-2;PD-T7-4;PD-T7-1or5;PDC-S02;PDC-S05;PDC-S06;PDC-S08;PDC-S09;PDC-S11;PDC-S15;PDC-S20;PDC-S21;PDC-S25;PDC-S26;PDC-S29;PDC-S31;PDC-S33;PDC-S36;PDC-S39;PDC-S45;PDC-S47;PDC-S60;PDC-S66;PDC-S67;PDC_M01;PDC-M03;PDC-M04;PDC-M06;PDC-M09;PDC-M18;PDC-M26;PDC-M29;PDC-M38;PDC-M40;PDC-M54;PDC-M62;PDC-M63;PDC-M66;PfiAT;PifA;ppl;PrrC;Pycsar_effector;Radar;Retron_I_A;Retron_I-B;Retron_I_C;Retron_II-A;Retron_III;Retron_III-A;RIoC;RM_Type_II;RM_Type_IIG;RM_Type_III;RosmerTA;Rst_3HP;Rst_TIR-NLR;SanaTA;SEFIR;Septu_type_I;Shango;Shedu;ShosTA;SoFic;tmn;Uzume;Wadjet_I,Cephalosporin;Phenicol;Fosfomycin;Quinolone,Amikacin;Gentamicin;Tobramycin;Aminoglycoside;Hygromycin;Kanamycin;Streptomycin;Chloramphenicol;Florfenicol;Rifamycin;Trimethoprim;Beta-lactam;Carbapenem;Bleomycin;Macrolide;Streptothricin;Sulfonamide;Tetracycline,Amoxicillin;Piperacillin;Ampicillin,,Amikacin;Gentamicin;Tobramycin;Piperacillin/Tazobactam;Ceftazidime;Meropenem;Imipenem;Ciprofloxacin;Levofloxacin;Colistin,Roth88;Roth27;Roth22;Roth90;Roth26;Roth41;Roth23,Roth37;Roth39;Roth49;Roth50;Roth08;Roth74;Roth75;Roth42;Roth87;Roth24;Roth30;Roth44;Roth71;Roth84;Roth10;Roth83;Roth09;Roth93;Roth85;Roth61;Roth47;Roth96;Roth72;RothD;Roth32;RothG;RothJ;RothI;Roth19;Roth20;Roth04;Roth78;Roth67;Roth77;Roth51;Roth80;Roth66;Roth68;Roth76;Roth34;Roth79;Roth01,Roth16;Roth17;Roth21,Roth88;Roth27;Roth22;Roth90;Roth26;Roth41;Roth23;Roth04;Roth78;Roth67;Roth77,Roth37;Roth39;Roth49;Roth50;Roth08;Roth74;Roth75;Roth42;Roth87;Roth24;Roth30;Roth44;Roth71;Roth84;Roth10;Roth83;Roth09;Roth93;Roth85;Roth61;Roth47;Roth96;Roth72;RothD;Roth32;RothG;RothJ;RothI;Roth19;Roth20;Roth16;Roth17;Roth51;Roth80;Roth76;Roth34;Roth79,Roth21;Roth66;Roth68;Roth01,,,,KLEB14
KPTR8,Klebsiella pneumoniae,JBELWI000000000,,KL2,K2,O1/O2v1,O1ab,ST14,Yes,No,No,yagV;yagW;yagX;yagY;yagZ;ykgK;ompA;entA;entB;fepC,astA;iroB;iroC;iroD;iroN;iucA;iucB;iucC;iutA;mchF;peg-344;rmpA;rmpA2;rmpC;rmpD;ybtP;ybtQ;ybtX;ybtS;ybtA;ybtE;ybtT;ybtU;fyuA;irp1;irp2;entE;espX5;fepD;fepG;fliG;fliM;fliN;flgH,arsA;arsB;arsC;arsD;arsR;clpK;fieF;hsp20;merD;merE;merF;merP;merR;merT;pcoA;pcoB;pcoC;pcoD;pcoE;pcoR;pcoS;qacEdelta1;silA;silB;silC;silE;silF;silP;silR;silS,crcB;hdeD-GI;kefB-GI;merA;merC;ncrA;ncrB;ncrC;ncrY;psi-GI;qacE;qacL;shsP;smr;terB;terC;terD;terE;trxLHR;yfdX1;yfdX2,AbiE;cas_type-I-E;Druantia_III;Mok_Hok_Sok;Paris;PD-T4-5;PDC-S02;PDC-S04;PDC-S07;PDC-S09;PDC-S12;PDC-S13;RM_Type_I;RM_Type_IV;VSPR;Zorya_TypeI,AbiC;AbiD;AbiH;AbiL;AbiU;AVAST_II;AVAST_V;Borvo;BREX_I;BstA;Bunzi;CapRel;CBASS_I;CBASS_II;DarTG;DISARM_1;Dnd_ABCDE;Dnd_FGH;Dpd;DRT_1;DRT_2;DRT_3;DRT_4;Druantia_II;dXTPase;Gabija;GAO_19;Gao_Ape;Hhe;Hachiman_type_I;HEC-01;HEC-04;HEC-05;HEC-06;HEC-08;HEC-09;ietAS;Juk;Kiwa;Lamassu_family;Lit;mads;Menshen;Mokosh_TypeI;Mokosh_TypeII;NLR_like;Olokun;PD-Lambda-1;PD-T4-3;PD-T4-4;PD-T4-6;PD-T7-1;PD-T7-2;PD-T7-4;PD-T7-1or5;PDC-S05;PDC-S06;PDC-S08;PDC-S11;PDC-S15;PDC-S20;PDC-S21;PDC-S25;PDC-S26;PDC-S29;PDC-S31;PDC-S33;PDC-S36;PDC-S39;PDC-S45;PDC-S47;PDC-S60;PDC-S66;PDC-S67;PDC_M01;PDC-M03;PDC-M04;PDC-M06;PDC-M09;PDC-M18;PDC-M26;PDC-M29;PDC-M38;PDC-M40;PDC-M54;PDC-M62;PDC-M63;PDC-M66;PfiAT;PifA;ppl;PrrC;Pycsar_effector;Radar;Retron_I_A;Retron_I-B;Retron_I_C;Retron_II-A;Retron_III;Retron_III-A;RIoC;RM_Type_II;RM_Type_IIG;RM_Type_III;RosmerTA;Rst_3HP;Rst_TIR-NLR;SanaTA;SEFIR;Septu_type_I;Shango;Shedu;ShosTA;SoFic;tmn;Uzume;Wadjet_I,Gentamicin;Streptomycin;Trimethoprim;Beta-lactam;Cephalosporin;Phenicol;Fosfomycin;Quinolone;Sulfonamide;Tetracycline,Amikacin;Tobramycin;Aminoglycoside;Hygromycin;Kanamycin;Chloramphenicol;Florfenicol;Rifamycin;Carbapenem;Bleomycin;Macrolide;Streptothricin,Gentamicin;Tobramycin;Amoxicillin;Piperacillin;Ampicillin,,Amikacin;Piperacillin/Tazobactam;Ceftazidime;Meropenem;Imipenem;Ciprofloxacin;Levofloxacin;Colistin,,Roth37;Roth39;Roth49;Roth50;Roth08;Roth74;Roth75;Roth42;Roth87;Roth24;Roth30;Roth44;Roth71;Roth84;Roth10;Roth83;Roth09;Roth93;Roth85;Roth61;Roth47;Roth96;Roth72;RothD;Roth32;RothG;RothJ;RothI;Roth88;Roth27;Roth22;Roth90;Roth26;Roth41;Roth23;Roth19;Roth20;Roth04;Roth78;Roth67;Roth77;Roth17;Roth21;Roth51;Roth80;Roth66;Roth68;Roth76;Roth34;Roth79;Roth01,Roth16,,Roth37;Roth39;Roth49;Roth50;Roth08;Roth74;Roth75;Roth42;Roth87;Roth24;Roth30;Roth44;Roth71;Roth84;Roth10;Roth83;Roth09;Roth93;Roth85;Roth61;Roth47;Roth96;Roth72;RothD;Roth32;RothG;RothJ;RothI;Roth88;Roth27;Roth22;Roth90;Roth26;Roth41;Roth23;Roth19;Roth20;Roth04;Roth78;Roth67;Roth77;Roth16;Roth17;Roth51;Roth80;Roth66;Roth68;Roth76;Roth34;Roth79;Roth01,Roth21,,,,KPTR8
KLEB13,Klebsiella pneumoniae,JBJHZD000000000,United Kingdom,KL2,K2,O1/O2v1,O1ab,ST14,No,No,No,ybtP;ybtQ;ybtX;ybtS;ybtA;ybtE;ybtT;ybtU;yagV;yagW;yagX;yagY;yagZ;ykgK;ompA;fyuA;irp1;irp2;entA;entB;fepC,astA;iroB;iroC;iroD;iroN;iucA;iucB;iucC;iutA;mchF;peg-344;rmpA;rmpA2;rmpC;rmpD;entE;espX5;fepD;fepG;fliG;fliM;fliN;flgH,arsA;arsB;arsC;arsD;arsR;clpK;fieF;hsp20;pcoA;pcoB;pcoC;pcoD;pcoE;pcoR;pcoS;silA;silB;silC;silE;silF;silP;silR;silS,crcB;hdeD-GI;kefB-GI;merA;merC;merD;merE;merF;merP;merR;merT;ncrA;ncrB;ncrC;ncrY;psi-GI;qacE;qacEdelta1;qacL;shsP;smr;terB;terC;terD;terE;trxLHR;yfdX1;yfdX2,AbiE;AbiH;cas_type-I-E;Druantia_II;Druantia_III;Juk;Mok_Hok_Sok;PD-Lambda-1;PD-T4-5;PDC-S02;PDC-S04;PDC-S07;PDC-S09;PDC-S12;PDC-S13;PDC-M26;RM_Type_I;RM_Type_III;RM_Type_IV;VSPR;Zorya_TypeI,AbiC;AbiD;AbiL;AbiU;AVAST_II;AVAST_V;Borvo;BREX_I;BstA;Bunzi;CapRel;CBASS_I;CBASS_II;DarTG;DISARM_1;Dnd_ABCDE;Dnd_FGH;Dpd;DRT_1;DRT_2;DRT_3;DRT_4;dXTPase;Gabija;GAO_19;Gao_Ape;Hhe;Hachiman_type_I;HEC-01;HEC-04;HEC-05;HEC-06;HEC-08;HEC-09;ietAS;Kiwa;Lamassu_family;Lit;mads;Menshen;Mokosh_TypeI;Mokosh_TypeII;NLR_like;Olokun;Paris;PD-T4-3;PD-T4-4;PD-T4-6;PD-T7-1;PD-T7-2;PD-T7-4;PD-T7-1or5;PDC-S05;PDC-S06;PDC-S08;PDC-S11;PDC-S15;PDC-S20;PDC-S21;PDC-S25;PDC-S26;PDC-S29;PDC-S31;PDC-S33;PDC-S36;PDC-S39;PDC-S45;PDC-S47;PDC-S60;PDC-S66;PDC-S67;PDC_M01;PDC-M03;PDC-M04;PDC-M06;PDC-M09;PDC-M18;PDC-M29;PDC-M38;PDC-M40;PDC-M54;PDC-M62;PDC-M63;PDC-M66;PfiAT;PifA;ppl;PrrC;Pycsar_effector;Radar;Retron_I_A;Retron_I-B;Retron_I_C;Retron_II-A;Retron_III;Retron_III-A;RIoC;RM_Type_II;RM_Type_IIG;RosmerTA;Rst_3HP;Rst_TIR-NLR;SanaTA;SEFIR;Septu_type_I;Shango;Shedu;ShosTA;SoFic;tmn;Uzume;Wadjet_I,Cephalosporin;Phenicol;Fosfomycin;Quinolone,Amikacin;Gentamicin;Tobramycin;Aminoglycoside;Hygromycin;Kanamycin;Streptomycin;Chloramphenicol;Florfenicol;Rifamycin;Trimethoprim;Beta-lactam;Carbapenem;Bleomycin;Macrolide;Streptothricin;Sulfonamide;Tetracycline,Amoxicillin;Piperacillin;Ampicillin,,Amikacin;Gentamicin;Tobramycin;Piperacillin/Tazobactam;Ceftazidime;Meropenem;Imipenem;Ciprofloxacin;Levofloxacin;Colistin,,Roth37;Roth39;Roth49;Roth50;Roth08;Roth74;Roth75;Roth42;Roth87;Roth24;Roth30;Roth44;Roth71;Roth84;Roth10;Roth83;Roth09;Roth93;Roth85;Roth61;Roth47;Roth96;Roth72;RothD;Roth32;RothG;RothJ;RothI;Roth88;Roth27;Roth22;Roth90;Roth26;Roth41;Roth23;Roth19;Roth20;Roth04;Roth78;Roth67;Roth77;Roth16;Roth51;Roth80;Roth66;Roth68;Roth76;Roth34;Roth79;Roth01,Roth17;Roth21,,Roth37;Roth39;Roth49;Roth50;Roth08;Roth74;Roth75;Roth42;Roth87;Roth24;Roth30;Roth44;Roth71;Roth84;Roth10;Roth83;Roth09;Roth93;Roth85;Roth61;Roth47;Roth96;Roth72;RothD;Roth32;RothG;RothJ;RothI;Roth88;Roth27;Roth22;Roth90;Roth26;Roth41;Roth23;Roth19;Roth20;Roth04;Roth78;Roth67;Roth77;Roth16;Roth17;Roth21;Roth51;Roth80;Roth66;Roth68;Roth76;Roth34;Roth79;Roth01,,,,,KLEB13
